{"stats":{"minecraft:crafted":{"minecraft:cooked_beef":7,"minecraft:oak_planks":58,"minecraft:cooked_porkchop":6,"minecraft:crafting_table":1,"minecraft:spruce_planks":27,"minecraft:wooden_pickaxe":1,"minecraft:furnace":1,"minecraft:stone_axe":1,"minecraft:cooked_mutton":3,"minecraft:bread":57,"minecraft:air":341,"minecraft:diamond_helmet":1,"minecraft:diamond_leggings":1,"minecraft:shield":1,"minecraft:stick":4,"minecraft:iron_ingot":12,"minecraft:iron_pickaxe":3,"minecraft:stone_pickaxe":2,"minecraft:wooden_axe":1,"minecraft:diamond_boots":1,"minecraft:torch":4,"minecraft:diamond_chestplate":1,"minecraft:wheat":171},"minecraft:picked_up":{"minecraft:wooden_axe":1,"born_in_chaos_v1:diamond_termite_shard":1,"minecraft:crafting_table":13,"minecraft:leather":2,"minecraft:wooden_pickaxe":1,"doggytalents:rice_grains":1,"minecraft:tuff":4,"minecraft:oak_log":58,"evilcraft:flesh_humanoid":1,"minecraft:yellow_bed":8,"minecraft:dirt":2,"minecraft:apple":1,"minecraft:wheat_seeds":1,"minecraft:cobbled_deepslate":194,"delightful:acorn":2,"minecraft:beef":7,"minecraft:oak_planks":5,"minecraft:furnace":5,"minecraft:dark_oak_sapling":8,"minecraft:stick":18,"minecraft:raw_iron":14,"minecraft:acacia_fence":4,"minecraft:torch":4,"minecraft:porkchop":6,"minecraft:spruce_sapling":4,"minecraft:spruce_log":27,"minecraft:dark_oak_log":20,"minecraft:diamond":33,"ars_nouveau:worn_notebook":1,"minecraft:hay_block":19,"minecraft:oak_sapling":11,"minecraft:mutton":3,"minecraft:coal":76,"minecraft:white_wool":2,"minecraft:cobblestone":445},"minecraft:dropped":{"minecraft:wheat_seeds":1,"alexsmobs:animal_dictionary":1,"minecraft:cobbled_deepslate":6,"minecraft:tuff":4,"minecraft:dark_oak_sapling":8,"minecraft:leather":2,"ars_nouveau:worn_notebook":2,"minecraft:wooden_axe":2,"minecraft:oak_sapling":11,"doggytalents:rice_grains":1,"minecraft:wooden_pickaxe":2,"minecraft:white_wool":2,"minecraft:acacia_fence":4,"minecraft:spruce_sapling":4},"minecraft:mined":{"minecraft:diamond_ore":4,"minecraft:tuff":19,"minecraft:deepslate_diamond_ore":29,"born_in_chaos_v1:infected_diamond_ore":1,"minecraft:crafting_table":13,"minecraft:torch":1,"biomesoplenty:bush":1,"minecraft:grass_block":2,"born_in_chaos_v1:black_argillite":1,"minecraft:oak_planks":5,"minecraft:wall_torch":3,"minecraft:hay_block":19,"minecraft:furnace":5,"minecraft:iron_ore":6,"minecraft:spruce_log":27,"minecraft:yellow_bed":8,"minecraft:grass":2,"minecraft:oak_log":69,"minecraft:coal_ore":49,"minecraft:deepslate_iron_ore":8,"minecraft:acacia_fence":1,"minecraft:gravel":2,"minecraft:stone":435,"minecraft:deepslate":212,"minecraft:infested_stone":1},"minecraft:used":{"minecraft:cooked_mutton":2,"minecraft:stone_pickaxe":262,"minecraft:oak_planks":55,"minecraft:spruce_planks":3,"minecraft:wooden_pickaxe":8,"minecraft:torch":4,"minecraft:golden_apple":1,"minecraft:dirt":2,"minecraft:crafting_table":13,"minecraft:wooden_axe":3,"minecraft:apple":1,"minecraft:iron_pickaxe":501,"minecraft:stone_axe":40,"minecraft:cobblestone":6,"minecraft:furnace":5,"minecraft:cooked_porkchop":1,"minecraft:diamond_leggings":1,"minecraft:yellow_bed":7,"alexsmobs:animal_dictionary":4,"minecraft:cobbled_deepslate":27,"minecraft:cooked_beef":1,"minecraft:potato":4,"delightful:acorn":2},"minecraft:custom":{"minecraft:interact_with_furnace":24,"minecraft:mob_kills":11,"minecraft:interact_with_crafting_table":20,"minecraft:leave_game":5,"minecraft:time_since_death":27255,"minecraft:sleep_in_bed":2,"minecraft:climb_one_cm":1021,"minecraft:time_since_rest":27282,"minecraft:sprint_one_cm":88127,"minecraft:damage_taken":1470,"minecraft:walk_one_cm":133946,"minecraft:drop":28,"minecraft:damage_dealt":1140,"minecraft:swim_one_cm":13786,"minecraft:fly_one_cm":115267,"minecraft:open_chest":4,"minecraft:crouch_one_cm":38525,"minecraft:play_time":65642,"minecraft:deaths":5,"minecraft:sneak_time":10149,"minecraft:walk_under_water_one_cm":6914,"minecraft:jump":913,"minecraft:walk_on_water_one_cm":14805,"minecraft:total_world_time":65642,"minecraft:fall_one_cm":25714},"minecraft:killed":{"minecraft:pig":3,"minecraft:sheep":2,"minecraft:silverfish":1,"minecraft:cow":4},"minecraft:broken":{"minecraft:stone_pickaxe":2,"minecraft:iron_pickaxe":2}},"DataVersion":3465}