{"stats":{"minecraft:dropped":{"minecraft:wheat_seeds":1,"minecraft:dark_oak_sapling":8,"minecraft:wooden_axe":2,"minecraft:oak_sapling":11,"minecraft:wooden_pickaxe":2,"minecraft:spruce_sapling":4},"minecraft:used":{"minecraft:cooked_mutton":2,"minecraft:stone_pickaxe":262,"minecraft:oak_planks":50,"minecraft:spruce_planks":3,"minecraft:wooden_pickaxe":8,"minecraft:torch":2,"minecraft:golden_apple":1,"minecraft:dirt":2,"minecraft:crafting_table":7,"minecraft:wooden_axe":3,"minecraft:apple":1,"minecraft:stone_axe":34,"minecraft:cobblestone":2,"minecraft:furnace":3,"minecraft:cooked_porkchop":1,"minecraft:yellow_bed":6,"alexsmobs:animal_dictionary":3,"minecraft:cooked_beef":1,"minecraft:potato":4,"delightful:acorn":2},"minecraft:custom":{"minecraft:interact_with_furnace":13,"minecraft:mob_kills":11,"minecraft:interact_with_crafting_table":9,"minecraft:leave_game":4,"minecraft:time_since_death":5766,"minecraft:sleep_in_bed":2,"minecraft:climb_one_cm":1021,"minecraft:time_since_rest":5793,"minecraft:sprint_one_cm":75463,"minecraft:damage_taken":1432,"minecraft:walk_one_cm":79017,"minecraft:drop":13,"minecraft:damage_dealt":1140,"minecraft:swim_one_cm":13786,"minecraft:fly_one_cm":113070,"minecraft:open_chest":4,"minecraft:crouch_one_cm":25108,"minecraft:play_time":44153,"minecraft:deaths":5,"minecraft:sneak_time":6445,"minecraft:walk_under_water_one_cm":6914,"minecraft:jump":801,"minecraft:walk_on_water_one_cm":14805,"minecraft:total_world_time":44153,"minecraft:fall_one_cm":24961},"minecraft:picked_up":{"minecraft:wooden_axe":1,"minecraft:crafting_table":7,"minecraft:leather":2,"minecraft:wooden_pickaxe":1,"doggytalents:rice_grains":1,"minecraft:oak_log":58,"evilcraft:flesh_humanoid":1,"minecraft:yellow_bed":6,"minecraft:dirt":2,"minecraft:apple":1,"minecraft:wheat_seeds":1,"delightful:acorn":2,"minecraft:beef":7,"minecraft:oak_planks":5,"minecraft:furnace":2,"minecraft:dark_oak_sapling":8,"minecraft:stick":18,"minecraft:raw_iron":6,"minecraft:acacia_fence":1,"minecraft:torch":2,"minecraft:porkchop":6,"minecraft:spruce_sapling":4,"minecraft:spruce_log":27,"minecraft:dark_oak_log":20,"minecraft:hay_block":19,"minecraft:oak_sapling":11,"minecraft:mutton":3,"minecraft:coal":76,"minecraft:white_wool":2,"minecraft:cobblestone":231},"minecraft:crafted":{"minecraft:cooked_beef":7,"minecraft:oak_planks":58,"minecraft:cooked_porkchop":6,"minecraft:crafting_table":1,"minecraft:spruce_planks":27,"minecraft:wooden_pickaxe":1,"minecraft:furnace":1,"minecraft:stone_axe":1,"minecraft:bread":57,"minecraft:cooked_mutton":3,"minecraft:air":341,"minecraft:iron_ingot":3,"minecraft:stone_pickaxe":2,"minecraft:wooden_axe":1,"minecraft:torch":4,"minecraft:wheat":171},"minecraft:mined":{"minecraft:crafting_table":7,"biomesoplenty:bush":1,"minecraft:grass_block":2,"minecraft:oak_planks":5,"minecraft:wall_torch":2,"minecraft:hay_block":19,"minecraft:furnace":2,"minecraft:iron_ore":6,"minecraft:spruce_log":27,"minecraft:yellow_bed":6,"minecraft:grass":2,"minecraft:coal_ore":49,"minecraft:oak_log":69,"minecraft:acacia_fence":1,"minecraft:stone":212,"minecraft:infested_stone":1},"minecraft:killed":{"minecraft:pig":3,"minecraft:sheep":2,"minecraft:silverfish":1,"minecraft:cow":4},"minecraft:broken":{"minecraft:stone_pickaxe":2}},"DataVersion":3465}