{"stats":{"minecraft:mined":{"minecraft:carrots":1,"minecraft:iron_ore":2,"minecraft:wheat":4,"minecraft:cyan_wall_banner":1,"minecraft:anvil":1,"biomesoplenty:fir_log":755,"minecraft:crafting_table":1,"minecraft:note_block":1,"minecraft:grass":5,"minecraft:potatoes":2,"minecraft:tall_grass":1,"minecraft:stone":42,"minecraft:grindstone":2,"minecraft:kelp":1,"minecraft:diorite":1,"minecraft:fern":3},"minecraft:picked_up":{"minecraft:raw_iron":2,"minecraft:stick":17,"minecraft:crafting_table":1,"minecraft:wheat":3,"minecraft:anvil":1,"minecraft:leather":2,"minecraft:potato":4,"minecraft:note_block":1,"biomesoplenty:fir_sapling":44,"biomesoplenty:fir_log":199,"minecraft:porkchop":3,"minecraft:diorite":1,"minecraft:cyan_banner":1,"vampirism:blood_bottle":6,"minecraft:bone":1,"minecraft:kelp":1,"untamedwilds:material_fat":1,"minecraft:wheat_seeds":9,"waystones:waystone":1,"revive_hardcore_players:revive_crystal":2,"minecraft:grindstone":2,"delightful:green_tea_leaf":3,"minecraft:cobblestone":42},"minecraft:crafted":{"biomesoplenty:fir_planks":49,"minecraft:crafting_table":1,"minecraft:wooden_pickaxe":1,"minecraft:stone_pickaxe":1,"minecraft:stone_axe":1,"minecraft:air":196},"minecraft:used":{"minecraft:apple":3,"minecraft:stone_pickaxe":45,"minecraft:wooden_pickaxe":6,"biomesoplenty:fir_planks":19,"minecraft:torch":39,"minecraft:stone_axe":19,"minecraft:anvil":4,"minecraft:crafting_table":1},"minecraft:killed":{"untamedwilds:boar":2},"minecraft:dropped":{"minecraft:potato":4,"minecraft:kelp":1,"minecraft:wheat_seeds":9,"minecraft:porkchop":3,"minecraft:glass_bottle":4,"minecraft:wheat":3,"vampirism:blood_bottle":6,"minecraft:wooden_pickaxe":1,"minecraft:bone":1},"minecraft:custom":{"minecraft:waystone_activated":1,"minecraft:time_since_rest":43086,"vampirism:resurrected":2,"vampirism:amount_bitten":19,"minecraft:sprint_one_cm":71241,"minecraft:damage_taken":1086,"minecraft:walk_one_cm":44074,"minecraft:interact_with_anvil":5,"minecraft:mob_kills":4,"minecraft:drop":19,"vampirism:skills_unlocked":1,"minecraft:damage_dealt":498,"minecraft:play_noteblock":1,"minecraft:tune_noteblock":5,"minecraft:talked_to_villager":5,"minecraft:swim_one_cm":90127,"minecraft:interact_with_crafting_table":5,"minecraft:fly_one_cm":191756,"minecraft:open_barrel":4,"minecraft:open_chest":7,"minecraft:crouch_one_cm":5812,"minecraft:interact_with_loom":1,"minecraft:play_time":43086,"minecraft:sneak_time":2323,"minecraft:walk_under_water_one_cm":80734,"minecraft:jump":391,"minecraft:leave_game":3,"minecraft:time_since_death":43086,"minecraft:walk_on_water_one_cm":9185,"minecraft:total_world_time":43086,"minecraft:climb_one_cm":876,"vampirism:blood_drunk":9200,"minecraft:fall_one_cm":8676}},"DataVersion":3465}