{"stats":{"minecraft:killed":{"untamedwilds:hyena":1,"vampirism:vampire":1,"minecraft:cave_spider":1,"born_in_chaos_v1:mr_pumpkin":4,"born_in_chaos_v1:restless_spirit":2,"born_in_chaos_v1:sir_the_headless":1,"alexsmobs:raccoon":1,"born_in_chaos_v1:zombie_bruiser":1,"born_in_chaos_v1:maggot":6,"minecraft:skeleton":8,"alexsmobs:kangaroo":3,"born_in_chaos_v1:felsteed":1,"untamedwilds:aardvark":1,"born_in_chaos_v1:baby_skeleton":1,"untamedwilds:boar":2,"untamedwilds:big_cat":1,"vampirism:hunter":4,"minecraft:sheep":4,"minecraft:pillager":1,"minecraft:zombie":20,"sons_of_sins:betrayed_guzzler":1,"born_in_chaos_v1:dread_hound":1,"alexsmobs:fly":2,"untamedwilds:snake":1,"minecraft:enderman":1},"minecraft:killed_by":{"minecraft:player":4,"minecraft:zombie":1,"vampirism:hunter":1},"minecraft:picked_up":{"irons_spellbooks:scroll":1,"minecraft:iron_chestplate":1,"minecraft:suspicious_stew":1,"minecraft:leather_leggings":1,"minecraft:potion":2,"minecraft:brewing_stand":1,"minecraft:string":6,"minecraft:red_bed":1,"minecraft:raw_copper":5,"minecraft:iron_leggings":1,"minecraft:tnt_minecart":1,"minecraft:gold_nugget":12,"minecraft:cobbled_deepslate":17,"minecraft:beef":6,"minecraft:iron_boots":1,"minecraft:raw_iron":16,"minecraft:torch":14,"minecraft:bowl":3,"farmersdelight:tomato_seeds":1,"aether:golden_gloves":1,"minecraft:trident":1,"minecraft:carrot":1,"minecraft:golden_chestplate":2,"minecraft:arrow":4,"vampirism:blood_bottle":64,"minecraft:rotten_flesh":31,"vampirism:altar_inspiration":1,"farmersdelight:onion":1,"minecraft:totem_of_undying":2,"paraglider:horned_statue":1,"minecraft:obsidian":2,"minecraft:mutton":27,"alexsmobs:kangaroo_meat":3,"minecraft:white_wool":11,"minecraft:cobblestone":30,"minecraft:sponge":1,"born_in_chaos_v1:corpse_maggot":2,"minecraft:leather_chestplate":3,"vampirism:item_tent":5,"born_in_chaos_v1:monster_flesh":1,"minecraft:water_bucket":2,"minecraft:leather":4,"minecraft:potato":2,"doggytalents:rice_grains":14,"paraglider:spirit_orb":6,"evilcraft:flesh_humanoid":1,"fishofthieves:grubs":1,"minecraft:tuff":6,"minecraft:oak_log":18,"minecraft:chainmail_chestplate":1,"minecraft:dirt":8,"fishofthieves:wildsplash":2,"minecraft:paper":1,"born_in_chaos_v1:monster_skin":1,"minecraft:leather_boots":1,"vampirism:human_heart":2,"minecraft:bone":8,"minecraft:chipped_anvil":1,"minecraft:apple":1,"minecraft:stone_bricks":1,"untamedwilds:material_fat":1,"minecraft:wheat_seeds":18,"minecraft:iron_ingot":12,"minecraft:glass_bottle":36,"minecraft:oak_planks":1,"minecraft:book":42,"minecraft:cooked_porkchop":2,"born_in_chaos_v1:ethereal_spirit":4,"minecraft:sand":5,"minecraft:white_bed":1,"minecraft:spruce_log":2,"vampirism:altar_infusion":1,"minecraft:leather_helmet":2,"minecraft:spider_eye":1,"sons_of_sins:flesh_of_demise":1,"travelersbackpack:standard":1,"alexsmobs:kangaroo_hide":4,"waystones:waystone":1,"evilcraft:dark_gem":1,"minecraft:iron_helmet":1,"ad_astra:oil_bucket":3,"minecraft:bone_meal":2,"minecraft:bread":1,"alexsmobs:maggot":1,"minecraft:black_wool":1,"minecraft:light_gray_carpet":6,"minecraft:coal":2},"minecraft:crafted":{"minecraft:oak_planks":31,"minecraft:glass":3,"minecraft:iron_axe":1,"minecraft:glass_bottle":3,"minecraft:crafting_table":3,"minecraft:spruce_planks":2,"minecraft:bread":15,"minecraft:air":52,"minecraft:iron_chestplate":1,"minecraft:stick":12,"minecraft:iron_pickaxe":1,"minecraft:iron_leggings":1,"minecraft:iron_shovel":1,"minecraft:white_bed":1},"minecraft:broken":{"minecraft:iron_leggings":1,"minecraft:chainmail_helmet":1,"minecraft:leather_boots":1},"minecraft:dropped":{"farmersdelight:tomato_seeds":1,"minecraft:water_bucket":1,"minecraft:iron_sword":1,"minecraft:wheat_seeds":8,"minecraft:glass_bottle":52,"minecraft:cooked_porkchop":1,"minecraft:iron_helmet":1,"minecraft:leather":3,"travelersbackpack:standard":1,"minecraft:leather_helmet":1,"minecraft:coal":1,"minecraft:stick":4,"irons_spellbooks:scroll":7,"minecraft:dirt":3,"minecraft:mutton":11,"minecraft:iron_leggings":1,"minecraft:bone_meal":1,"farmersdelight:onion":2,"minecraft:gold_nugget":18,"ad_astra:oil_bucket":1,"fishofthieves:wildsplash":2,"fishofthieves:grubs":1,"fishofthieves:ancientscale":1,"minecraft:bone":1,"vampirism:altar_infusion":1,"minecraft:iron_nugget":2,"minecraft:golden_chestplate":1,"minecraft:raw_copper":5,"minecraft:bowl":3,"aether:golden_gloves":1,"minecraft:tuff":6,"minecraft:obsidian":2,"minecraft:rotten_flesh":11,"minecraft:iron_boots":1,"vampirism:blood_bottle":61,"minecraft:light_gray_carpet":6,"minecraft:totem_of_undying":2,"minecraft:suspicious_stew":1,"minecraft:leather_chestplate":3,"minecraft:trident":1,"aether:chainmail_gloves":1,"minecraft:iron_chestplate":1,"born_in_chaos_v1:corpse_maggot":1,"minecraft:leather_leggings":1,"doggytalents:rice_grains":13,"minecraft:beef":3},"minecraft:custom":{"minecraft:interact_with_anvil":1,"minecraft:mob_kills":84,"vampirism:interact_with_altar_of_infusion":31,"minecraft:interact_with_crafting_table":15,"minecraft:open_barrel":53,"vampirism:action_time_bat":14014,"minecraft:damage_dealt_resisted":932,"minecraft:leave_game":10,"minecraft:time_since_death":25937,"minecraft:climb_one_cm":7270,"minecraft:damage_resisted":55,"vampirism:amount_bitten":114,"minecraft:sprint_one_cm":296257,"minecraft:walk_one_cm":288100,"minecraft:drop":173,"vampirism:action_time_regen":3100,"vampirism:skills_unlocked":32,"minecraft:talked_to_villager":5,"vampirism:infected_creatures":3,"minecraft:play_time":252259,"vampirism:interact_with_altar_inspiration":42,"minecraft:deaths":10,"minecraft:sneak_time":5743,"minecraft:walk_under_water_one_cm":82087,"minecraft:jump":2107,"minecraft:walk_on_water_one_cm":115351,"minecraft:total_world_time":252259,"vampirism:blood_drunk":37700,"vampirism:action_time_disguise_vampire":1740,"vampirism:action_time_sunscreen":843,"minecraft:interact_with_furnace":5,"vampirism:altar_of_inspiration_rituals_performed":34,"vampirism:action_used_disguise_vampire":3,"vampirism:action_used_sunscreen":2,"minecraft:interact_with_grindstone":2,"vampirism:action_used_bat":43,"minecraft:sleep_in_bed":5,"vampirism:actions_used":62,"vampirism:action_used_regen":11,"vampirism:altar_of_infusion_rituals_performed":7,"minecraft:time_since_rest":14775,"vampirism:resurrected":8,"minecraft:waystone_activated":6,"minecraft:damage_taken":396820,"minecraft:damage_dealt":15437,"minecraft:swim_one_cm":55559,"minecraft:fly_one_cm":1379094,"minecraft:player_kills":1,"minecraft:open_chest":24,"minecraft:crouch_one_cm":6398,"vampirism:action_used_infect":3,"minecraft:aviate_one_cm":8870,"minecraft:fall_one_cm":35883},"minecraft:mined":{"minecraft:tuff":9,"minecraft:white_bed":1,"vampirism:altar_inspiration":1,"biomesoplenty:desert_grass":1,"minecraft:brewing_stand":1,"minecraft:grass_block":6,"minecraft:spawner":3,"minecraft:iron_ore":16,"minecraft:cobbled_deepslate":10,"vampirism:tent":3,"biomesoplenty:hanging_cobweb":1,"minecraft:bookshelf":15,"minecraft:stone":31,"minecraft:red_bed":1,"vampirism:tent_main":1,"minecraft:torch":8,"minecraft:sponge":1,"minecraft:white_stained_glass_pane":2,"minecraft:copper_ore":1,"minecraft:tall_grass":4,"minecraft:wall_torch":4,"untamedwilds:block_burrow":3,"paraglider:horned_statue":1,"minecraft:spruce_log":2,"minecraft:grass":13,"minecraft:oak_log":11,"minecraft:sand":5,"minecraft:cobweb":7,"minecraft:cracked_stone_bricks":1,"minecraft:stone_bricks":2,"minecraft:chipped_anvil":1,"minecraft:oak_leaves":3,"minecraft:iron_trapdoor":1,"minecraft:deepslate":6},"minecraft:used":{"minecraft:trident":22,"minecraft:iron_shovel":8,"born_in_chaos_v1:ethereal_spirit":9,"vampirism:altar_infusion":2,"minecraft:iron_sword":360,"minecraft:torch":16,"minecraft:dirt":3,"minecraft:cobblestone_wall":3,"vampirism:item_tent":1,"minecraft:grass_block":2,"minecraft:iron_block":17,"minecraft:iron_axe":27,"minecraft:iron_boots":1,"minecraft:stone_bricks":18,"untamedwilds:material_fat":1,"minecraft:gold_block":2,"minecraft:potato":3,"minecraft:iron_leggings":1,"minecraft:water_bucket":24,"vampirism:altar_inspiration":1,"minecraft:glass_bottle":10,"minecraft:oak_planks":2,"vampirism:human_heart":2,"minecraft:chainmail_helmet":1,"minecraft:cookie":7,"minecraft:crafting_table":3,"minecraft:red_bed":3,"minecraft:white_bed":2,"minecraft:stone_brick_wall":14,"waystones:waystone":2,"minecraft:bread":1,"minecraft:string":1,"minecraft:iron_pickaxe":87,"vampirism:altar_pillar":26,"vampirism:altar_tip":8,"minecraft:soul_lantern":1,"sons_of_sins:flesh_of_demise":1,"minecraft:cobblestone":19,"minecraft:potion":7,"travelersbackpack:standard":5,"minecraft:cooked_porkchop":1,"minecraft:bucket":81,"alexsmobs:animal_dictionary":1}},"DataVersion":3465}