{"stats":{"minecraft:broken":{"minecraft:iron_shovel":1},"minecraft:picked_up":{"minecraft:birch_log":21,"minecraft:crafting_table":1,"minecraft:wheat":3,"born_in_chaos_v1:seedof_chaos":2,"minecraft:anvil":1,"minecraft:leather":2,"biomesoplenty:orange_autumn_sapling":8,"minecraft:potato":4,"doggytalents:rice_grains":4,"biomesoplenty:fir_sapling":44,"biomesoplenty:fir_log":200,"minecraft:potion":6,"minecraft:dirt":475,"biomesoplenty:yellow_autumn_sapling":4,"minecraft:bone":4,"untamedwilds:material_fat":1,"minecraft:kelp":1,"minecraft:wheat_seeds":17,"biomesoplenty:fir_planks":1,"revive_hardcore_players:revive_crystal":2,"minecraft:grindstone":2,"fishofthieves:earthworms":34,"minecraft:glass_bottle":1,"delightful:green_tea_leaf":4,"minecraft:chest":3,"minecraft:stick":28,"minecraft:raw_iron":130,"vampirism:fire_place":1,"minecraft:torch":5,"werewolves:liver":1,"minecraft:note_block":1,"minecraft:porkchop":3,"minecraft:diorite":1,"minecraft:dark_oak_log":17,"minecraft:mossy_cobblestone":1,"minecraft:cyan_banner":1,"vampirism:blood_bottle":6,"minecraft:rotten_flesh":7,"waystones:waystone":2,"untamedwilds:flora_yarrow":1,"minecraft:coal":64,"minecraft:cobblestone":142},"minecraft:custom":{"minecraft:interact_with_furnace":12,"minecraft:mob_kills":10,"minecraft:interact_with_anvil":8,"minecraft:tune_noteblock":5,"minecraft:interact_with_crafting_table":12,"minecraft:open_barrel":4,"minecraft:interact_with_loom":1,"minecraft:leave_game":7,"minecraft:time_since_death":94552,"minecraft:sleep_in_bed":2,"minecraft:climb_one_cm":876,"minecraft:time_since_rest":35571,"minecraft:waystone_activated":3,"vampirism:resurrected":2,"minecraft:sprint_one_cm":139693,"vampirism:amount_bitten":19,"minecraft:damage_taken":1266,"minecraft:walk_one_cm":131690,"minecraft:drop":42,"vampirism:skills_unlocked":1,"minecraft:damage_dealt":1750,"minecraft:play_noteblock":1,"minecraft:talked_to_villager":5,"minecraft:swim_one_cm":90127,"minecraft:fly_one_cm":314193,"minecraft:open_chest":17,"minecraft:crouch_one_cm":35988,"minecraft:play_time":94552,"minecraft:sneak_time":7863,"minecraft:walk_under_water_one_cm":80734,"minecraft:jump":716,"minecraft:walk_on_water_one_cm":9185,"minecraft:total_world_time":94552,"vampirism:blood_drunk":9200,"minecraft:fall_one_cm":15447},"minecraft:crafted":{"minecraft:crafting_table":2,"minecraft:wooden_pickaxe":1,"minecraft:iron_helmet":1,"minecraft:iron_sword":1,"minecraft:stone_axe":1,"minecraft:air":196,"aether:iron_gloves":1,"biomesoplenty:fir_planks":53,"minecraft:iron_boots":1,"minecraft:iron_axe":2,"minecraft:iron_ingot":96,"minecraft:iron_pickaxe":1,"minecraft:stone_pickaxe":1,"minecraft:chest":4,"minecraft:iron_shovel":1,"minecraft:iron_leggings":1},"minecraft:killed":{"minecraft:spider":1,"untamedwilds:boar":2,"born_in_chaos_v1:zombie_bruiser":1,"born_in_chaos_v1:decrepit_skeleton":1,"vampirism:hunter":1,"minecraft:zombie":2},"minecraft:mined":{"minecraft:mossy_cobblestone":1,"minecraft:dark_oak_log":87,"minecraft:crafting_table":1,"minecraft:torch":2,"minecraft:note_block":1,"biomesoplenty:fir_planks":1,"minecraft:grass_block":224,"minecraft:chest":3,"minecraft:tall_grass":1,"minecraft:cobblestone":2,"minecraft:grindstone":2,"minecraft:kelp":1,"minecraft:diorite":1,"minecraft:wall_torch":3,"untamedwilds:flora_yarrow":2,"minecraft:carrots":1,"minecraft:birch_log":69,"minecraft:iron_ore":2,"minecraft:wheat":4,"minecraft:cyan_wall_banner":1,"minecraft:anvil":1,"biomesoplenty:fir_log":772,"minecraft:grass":27,"minecraft:potatoes":2,"minecraft:oak_log":52,"vampirism:fire_place":1,"minecraft:dirt":47,"minecraft:stone":140,"minecraft:fern":3},"minecraft:used":{"minecraft:water_bucket":1,"minecraft:iron_shovel":259,"minecraft:glass_bottle":4,"minecraft:stone_pickaxe":45,"minecraft:chest":7,"minecraft:wooden_pickaxe":6,"minecraft:iron_sword":18,"biomesoplenty:fir_planks":20,"minecraft:blue_bed":1,"minecraft:torch":61,"minecraft:dirt":521,"minecraft:anvil":4,"minecraft:crafting_table":2,"minecraft:black_bed":1,"waystones:waystone":2,"minecraft:apple":3,"minecraft:chipped_anvil":1,"minecraft:grass_block":64,"minecraft:iron_axe":6,"minecraft:iron_pickaxe":103,"minecraft:stone_axe":20,"minecraft:potion":11,"vampirism:altar_cleansing":2,"minecraft:furnace":3,"minecraft:cooked_porkchop":3,"minecraft:cyan_banner":1,"biomesoplenty:fir_log":1},"minecraft:dropped":{"minecraft:kelp":1,"minecraft:porkchop":3,"minecraft:wheat_seeds":10,"minecraft:glass_bottle":5,"minecraft:wheat":3,"minecraft:raw_iron":128,"minecraft:rotten_flesh":7,"minecraft:cobblestone":36,"vampirism:blood_bottle":6,"minecraft:black_bed":1,"minecraft:coal":64,"biomesoplenty:fir_sapling":21,"minecraft:dirt":214,"minecraft:potato":4,"minecraft:diorite":1,"minecraft:potion":6,"minecraft:iron_axe":1,"minecraft:wooden_pickaxe":1,"minecraft:bone":1}},"DataVersion":3465}