{"stats":{"minecraft:mined":{"minecraft:cyan_wall_banner":1,"minecraft:anvil":1,"biomesoplenty:fir_log":61,"minecraft:crafting_table":1,"minecraft:stone":6},"minecraft:picked_up":{"minecraft:stick":9,"minecraft:crafting_table":1,"minecraft:anvil":1,"minecraft:leather":2,"biomesoplenty:fir_sapling":10,"biomesoplenty:fir_log":61,"minecraft:porkchop":3,"minecraft:cyan_banner":1,"minecraft:bone":1,"vampirism:blood_bottle":3,"untamedwilds:material_fat":1,"revive_hardcore_players:revive_crystal":2,"delightful:green_tea_leaf":2,"minecraft:cobblestone":6},"minecraft:crafted":{"biomesoplenty:fir_planks":49,"minecraft:crafting_table":1,"minecraft:wooden_pickaxe":1,"minecraft:stone_pickaxe":1,"minecraft:stone_axe":1,"minecraft:air":196},"minecraft:used":{"minecraft:stone_pickaxe":1,"minecraft:wooden_pickaxe":6,"minecraft:stone_axe":6,"minecraft:anvil":2,"minecraft:crafting_table":1},"minecraft:killed":{"untamedwilds:boar":2},"minecraft:dropped":{"minecraft:porkchop":3,"minecraft:glass_bottle":2,"vampirism:blood_bottle":3,"minecraft:wooden_pickaxe":1},"minecraft:custom":{"minecraft:time_since_rest":12966,"vampirism:resurrected":1,"vampirism:amount_bitten":1,"minecraft:sprint_one_cm":10023,"minecraft:damage_taken":406,"minecraft:walk_one_cm":10399,"minecraft:interact_with_anvil":3,"minecraft:mob_kills":2,"minecraft:drop":8,"vampirism:skills_unlocked":1,"minecraft:damage_dealt":396,"minecraft:swim_one_cm":6391,"minecraft:interact_with_crafting_table":5,"minecraft:fly_one_cm":15708,"minecraft:crouch_one_cm":2244,"minecraft:play_time":12966,"minecraft:sneak_time":766,"minecraft:walk_under_water_one_cm":687,"minecraft:jump":64,"minecraft:leave_game":1,"minecraft:walk_on_water_one_cm":804,"minecraft:time_since_death":12966,"minecraft:climb_one_cm":740,"minecraft:total_world_time":12966,"vampirism:blood_drunk":1800,"minecraft:fall_one_cm":1312}},"DataVersion":3465}