{"stats":{"minecraft:killed":{"minecraft:spider":1,"born_in_chaos_v1:zombie_bruiser":1,"born_in_chaos_v1:baby_skeleton_2":1,"untamedwilds:boar":2,"born_in_chaos_v1:decrepit_skeleton":1,"vampirism:hunter":1,"minecraft:zombie":4,"born_in_chaos_v1:corpse_fly":2,"werewolves:werewolf_survivalist":2},"minecraft:mined":{"minecraft:mossy_cobblestone":1,"minecraft:dark_oak_log":87,"minecraft:grass_block":224,"minecraft:kelp":1,"untamedwilds:flora_yarrow":2,"minecraft:carrots":1,"minecraft:iron_ore":2,"minecraft:cyan_wall_banner":1,"minecraft:anvil":1,"minecraft:potatoes":2,"minecraft:stone":140,"minecraft:crafting_table":1,"minecraft:torch":5,"minecraft:note_block":1,"biomesoplenty:fir_planks":1,"minecraft:chest":3,"minecraft:tall_grass":1,"minecraft:cobblestone":2,"minecraft:grindstone":2,"minecraft:diorite":1,"minecraft:blue_bed":1,"minecraft:wall_torch":3,"minecraft:birch_log":76,"minecraft:wheat":4,"biomesoplenty:fir_log":772,"minecraft:grass":33,"minecraft:oak_log":52,"vampirism:fire_place":1,"minecraft:dirt":59,"minecraft:fern":3},"minecraft:custom":{"minecraft:interact_with_anvil":9,"minecraft:mob_kills":17,"minecraft:interact_with_crafting_table":13,"minecraft:open_barrel":4,"minecraft:leave_game":9,"minecraft:time_since_death":31931,"minecraft:climb_one_cm":876,"minecraft:damage_resisted":206,"vampirism:amount_bitten":19,"minecraft:sprint_one_cm":178391,"minecraft:walk_one_cm":195399,"minecraft:drop":68,"vampirism:skills_unlocked":2,"minecraft:play_noteblock":1,"minecraft:talked_to_villager":5,"minecraft:play_time":132296,"minecraft:deaths":1,"minecraft:sneak_time":9508,"minecraft:walk_under_water_one_cm":80734,"minecraft:jump":1112,"minecraft:walk_on_water_one_cm":9240,"minecraft:total_world_time":132296,"vampirism:blood_drunk":11300,"minecraft:interact_with_furnace":12,"minecraft:tune_noteblock":5,"minecraft:interact_with_loom":1,"minecraft:sleep_in_bed":2,"minecraft:time_since_rest":32344,"vampirism:resurrected":3,"minecraft:waystone_activated":4,"minecraft:damage_taken":2346,"minecraft:damage_dealt":3228,"minecraft:swim_one_cm":90127,"minecraft:fly_one_cm":412968,"minecraft:open_chest":25,"minecraft:crouch_one_cm":41881,"minecraft:fall_one_cm":24159},"minecraft:picked_up":{"minecraft:crafting_table":1,"minecraft:wheat":3,"minecraft:anvil":1,"born_in_chaos_v1:seedof_chaos":2,"biomesoplenty:orange_autumn_sapling":8,"minecraft:potion":6,"biomesoplenty:yellow_autumn_sapling":4,"minecraft:cobbled_deepslate":2,"biomesoplenty:fir_planks":1,"revive_hardcore_players:revive_crystal":3,"delightful:green_tea_leaf":4,"minecraft:chest":3,"minecraft:raw_iron":130,"minecraft:stick":28,"minecraft:torch":9,"werewolves:liver":2,"minecraft:note_block":1,"minecraft:porkchop":3,"minecraft:diorite":1,"vampirism:blood_bottle":11,"minecraft:rotten_flesh":8,"untamedwilds:flora_yarrow":1,"minecraft:cobblestone":143,"minecraft:birch_log":21,"born_in_chaos_v1:corpse_maggot":2,"minecraft:leather":2,"biomesoplenty:fir_sapling":44,"minecraft:potato":4,"doggytalents:rice_grains":4,"biomesoplenty:fir_log":200,"evilcraft:flesh_humanoid":1,"minecraft:blue_bed":1,"minecraft:dirt":509,"minecraft:bone":5,"minecraft:stone_bricks":256,"minecraft:kelp":1,"untamedwilds:material_fat":1,"minecraft:wheat_seeds":18,"minecraft:grindstone":2,"fishofthieves:earthworms":34,"minecraft:glass_bottle":2,"vampirism:fire_place":1,"minecraft:dark_oak_log":17,"minecraft:mossy_cobblestone":1,"minecraft:cyan_banner":1,"waystones:waystone":2,"werewolves:cracked_bone":2,"minecraft:coal":64},"minecraft:crafted":{"minecraft:iron_boots":1,"minecraft:iron_axe":2,"minecraft:stone_pickaxe":1,"minecraft:chest":4,"minecraft:crafting_table":2,"minecraft:iron_helmet":1,"minecraft:wooden_pickaxe":1,"minecraft:iron_sword":1,"minecraft:stone_axe":1,"minecraft:air":196,"aether:iron_gloves":1,"biomesoplenty:fir_planks":53,"minecraft:iron_ingot":96,"minecraft:iron_pickaxe":1,"minecraft:iron_shovel":1,"minecraft:iron_leggings":1},"minecraft:dropped":{"biomesoplenty:fir_log":64,"minecraft:porkchop":3,"minecraft:wheat_seeds":10,"minecraft:mossy_cobblestone":1,"minecraft:glass_bottle":6,"minecraft:cooked_porkchop":4,"minecraft:cobblestone":36,"minecraft:black_bed":1,"minecraft:coal":64,"biomesoplenty:fir_sapling":21,"minecraft:dirt":236,"minecraft:dark_oak_log":10,"minecraft:diorite":1,"werewolves:cracked_bone":1,"minecraft:potion":6,"minecraft:stonecutter":1,"minecraft:iron_axe":2,"minecraft:bone":1,"minecraft:kelp":1,"minecraft:cobbled_deepslate":1,"minecraft:wheat":3,"minecraft:raw_iron":128,"minecraft:rotten_flesh":8,"vampirism:blood_bottle":11,"evilcraft:flesh_humanoid":1,"minecraft:potato":4,"biomesoplenty:fir_planks":25,"born_in_chaos_v1:corpse_maggot":1,"minecraft:stone_bricks":256,"minecraft:wooden_pickaxe":1},"minecraft:broken":{"minecraft:iron_shovel":1},"minecraft:used":{"minecraft:iron_shovel":259,"minecraft:chest":7,"minecraft:iron_sword":44,"minecraft:torch":62,"minecraft:dirt":788,"minecraft:anvil":4,"minecraft:stone_brick_slab":1,"born_in_chaos_v1:corpse_maggot":1,"minecraft:chipped_anvil":1,"minecraft:grass_block":92,"minecraft:iron_axe":8,"minecraft:furnace":3,"minecraft:cyan_banner":1,"minecraft:cobbled_deepslate":1,"minecraft:water_bucket":1,"minecraft:glass_bottle":14,"minecraft:stone_pickaxe":45,"minecraft:wooden_pickaxe":6,"biomesoplenty:fir_planks":20,"minecraft:blue_bed":1,"minecraft:crafting_table":2,"minecraft:black_bed":1,"waystones:waystone":3,"minecraft:apple":3,"minecraft:iron_pickaxe":103,"minecraft:stone_slab":1,"minecraft:stone_axe":20,"minecraft:cobblestone":1,"minecraft:potion":19,"vampirism:altar_cleansing":2,"minecraft:cooked_porkchop":7,"minecraft:bucket":1,"biomesoplenty:fir_log":1}},"DataVersion":3465}