{"stats":{"minecraft:picked_up":{"minecraft:crafting_table":1,"minecraft:wheat":3,"minecraft:anvil":1,"minecraft:leather":2,"minecraft:potato":4,"biomesoplenty:fir_sapling":44,"biomesoplenty:fir_log":199,"minecraft:bone":1,"minecraft:kelp":1,"untamedwilds:material_fat":1,"minecraft:wheat_seeds":9,"revive_hardcore_players:revive_crystal":2,"minecraft:grindstone":2,"delightful:green_tea_leaf":3,"minecraft:stick":17,"minecraft:raw_iron":2,"minecraft:note_block":1,"minecraft:porkchop":3,"minecraft:diorite":1,"minecraft:cyan_banner":1,"vampirism:blood_bottle":6,"waystones:waystone":1,"minecraft:cobblestone":42},"minecraft:crafted":{"minecraft:crafting_table":1,"minecraft:wooden_pickaxe":1,"minecraft:stone_axe":1,"minecraft:air":196,"biomesoplenty:fir_planks":49,"minecraft:stone_pickaxe":1},"minecraft:dropped":{"minecraft:kelp":1,"minecraft:porkchop":3,"minecraft:wheat_seeds":9,"minecraft:glass_bottle":4,"minecraft:wheat":3,"vampirism:blood_bottle":6,"minecraft:black_bed":1,"minecraft:potato":4,"minecraft:wooden_pickaxe":1,"minecraft:bone":1},"minecraft:killed":{"untamedwilds:boar":2},"minecraft:used":{"minecraft:stone_pickaxe":45,"minecraft:wooden_pickaxe":6,"biomesoplenty:fir_planks":19,"minecraft:torch":39,"minecraft:anvil":4,"minecraft:crafting_table":1,"minecraft:black_bed":1,"minecraft:apple":3,"minecraft:stone_axe":19},"minecraft:mined":{"minecraft:crafting_table":1,"minecraft:note_block":1,"minecraft:tall_grass":1,"minecraft:grindstone":2,"minecraft:kelp":1,"minecraft:diorite":1,"minecraft:carrots":1,"minecraft:iron_ore":2,"minecraft:wheat":4,"minecraft:cyan_wall_banner":1,"minecraft:anvil":1,"biomesoplenty:fir_log":755,"minecraft:grass":5,"minecraft:potatoes":2,"minecraft:stone":42,"minecraft:fern":3},"minecraft:custom":{"minecraft:interact_with_anvil":5,"minecraft:mob_kills":4,"minecraft:tune_noteblock":5,"minecraft:interact_with_crafting_table":5,"minecraft:open_barrel":4,"minecraft:interact_with_loom":1,"minecraft:leave_game":3,"minecraft:time_since_death":47343,"minecraft:sleep_in_bed":1,"minecraft:climb_one_cm":876,"minecraft:time_since_rest":1302,"vampirism:resurrected":2,"minecraft:waystone_activated":1,"vampirism:amount_bitten":19,"minecraft:sprint_one_cm":73088,"minecraft:walk_one_cm":44409,"minecraft:damage_taken":1086,"minecraft:drop":20,"vampirism:skills_unlocked":1,"minecraft:damage_dealt":498,"minecraft:play_noteblock":1,"minecraft:swim_one_cm":90127,"minecraft:talked_to_villager":5,"minecraft:fly_one_cm":207846,"minecraft:open_chest":7,"minecraft:crouch_one_cm":5827,"minecraft:play_time":47343,"minecraft:sneak_time":2352,"minecraft:walk_under_water_one_cm":80734,"minecraft:jump":403,"minecraft:walk_on_water_one_cm":9185,"minecraft:total_world_time":47343,"vampirism:blood_drunk":9200,"minecraft:fall_one_cm":8676}},"DataVersion":3465}