{"stats":{"minecraft:crafted":{"minecraft:oak_planks":33,"minecraft:glass":3,"minecraft:glass_bottle":3,"minecraft:crafting_table":4,"minecraft:spruce_planks":4,"minecraft:iron_chestplate":1,"minecraft:shield":1,"minecraft:stick":16,"minecraft:iron_pickaxe":1,"minecraft:iron_axe":1,"minecraft:iron_sword":1,"minecraft:bread":15,"minecraft:air":69,"minecraft:iron_shovel":1,"minecraft:iron_leggings":1,"minecraft:white_bed":1},"minecraft:killed_by":{"minecraft:zombie":1,"vampirism:hunter":5,"minecraft:player":4,"vampirism:advanced_hunter":1},"minecraft:picked_up":{"irons_spellbooks:scroll":1,"minecraft:iron_chestplate":1,"minecraft:suspicious_stew":1,"minecraft:potion":3,"minecraft:brewing_stand":1,"minecraft:string":6,"minecraft:raw_copper":5,"minecraft:iron_leggings":1,"minecraft:tnt_minecart":1,"minecraft:gold_nugget":12,"minecraft:cobbled_deepslate":19,"alexsmobs:raccoon_tail":1,"minecraft:iron_boots":1,"alexsmobs:leafcutter_ant_chamber":6,"born_in_chaos_v1:shattered_skull":1,"minecraft:torch":29,"born_in_chaos_v1:pileof_dark_metal":1,"aether:golden_gloves":1,"minecraft:golden_chestplate":2,"vampirism:blood_bottle":82,"minecraft:rotten_flesh":51,"farmersdelight:onion":1,"minecraft:obsidian":2,"minecraft:cobblestone":30,"paraglider:paraglider":1,"minecraft:sponge":1,"minecraft:leather_chestplate":3,"vampirism:vampire_book":1,"minecraft:water_bucket":2,"minecraft:potato":2,"paraglider:spirit_orb":6,"minecraft:tuff":6,"evilcraft:flesh_humanoid":6,"fishofthieves:wildsplash":2,"minecraft:dirt":12,"born_in_chaos_v1:monster_skin":1,"minecraft:leather_boots":1,"minecraft:bone":25,"minecraft:chipped_anvil":1,"minecraft:wheat_seeds":32,"vampirism:item_garlic":1,"minecraft:mossy_stone_bricks":2,"minecraft:oak_planks":2,"minecraft:cooked_porkchop":2,"minecraft:sand":5,"sons_of_sins:flesh_of_demise":1,"alexsmobs:kangaroo_hide":4,"waystones:waystone":1,"ad_astra:oil_bucket":3,"minecraft:bone_meal":2,"minecraft:bread":3,"alexsmobs:maggot":1,"born_in_chaos_v1:rotten_fish":2,"minecraft:light_gray_carpet":6,"minecraft:crafting_table":1,"minecraft:leather_leggings":1,"vampirism:heart_striker_enhanced":1,"minecraft:red_bed":1,"minecraft:beef":6,"minecraft:raw_iron":16,"minecraft:bowl":3,"minecraft:spruce_fence":1,"farmersdelight:tomato_seeds":1,"minecraft:trident":1,"minecraft:carrot":1,"minecraft:arrow":4,"vampirism:altar_inspiration":2,"born_in_chaos_v1:spiny_shell":3,"minecraft:saddle":1,"minecraft:totem_of_undying":3,"paraglider:horned_statue":1,"minecraft:mutton":34,"alexsmobs:kangaroo_meat":3,"minecraft:white_wool":15,"born_in_chaos_v1:corpse_maggot":7,"vampirism:vampire_blood_bottle":2,"born_in_chaos_v1:monster_flesh":1,"vampirism:item_tent":9,"minecraft:leather":9,"doggytalents:rice_grains":17,"fishofthieves:grubs":1,"minecraft:oak_log":18,"minecraft:chainmail_chestplate":1,"minecraft:paper":1,"vampirism:human_heart":3,"minecraft:apple":1,"minecraft:stone_bricks":1,"untamedwilds:material_fat":6,"minecraft:iron_ingot":12,"minecraft:glass_bottle":41,"minecraft:book":42,"born_in_chaos_v1:ethereal_spirit":6,"minecraft:gravel":3,"minecraft:white_bed":1,"minecraft:spruce_log":5,"vampirism:altar_infusion":1,"minecraft:spider_eye":1,"minecraft:leather_helmet":2,"travelersbackpack:standard":1,"minecraft:iron_helmet":1,"evilcraft:dark_gem":1,"minecraft:black_wool":1,"minecraft:coal":2},"minecraft:dropped":{"minecraft:iron_sword":1,"vampirism:human_heart":1,"minecraft:glass_bottle":60,"untamedwilds:material_fat":4,"minecraft:cooked_porkchop":1,"minecraft:leather":8,"vampirism:item_tent":6,"born_in_chaos_v1:pileof_dark_metal":1,"travelersbackpack:standard":1,"minecraft:leather_helmet":1,"born_in_chaos_v1:monster_flesh":1,"minecraft:dirt":6,"born_in_chaos_v1:monster_skin":1,"minecraft:mutton":18,"farmersdelight:onion":2,"minecraft:gold_nugget":18,"minecraft:bone_meal":1,"paraglider:paraglider":2,"fishofthieves:grubs":1,"vampirism:altar_infusion":1,"minecraft:bone":18,"minecraft:gravel":2,"minecraft:iron_nugget":2,"minecraft:golden_chestplate":1,"minecraft:cobbled_deepslate":2,"aether:golden_gloves":1,"minecraft:obsidian":2,"minecraft:rotten_flesh":34,"vampirism:blood_bottle":98,"minecraft:light_gray_carpet":6,"evilcraft:flesh_humanoid":2,"minecraft:carrot":1,"irons_spellbooks:heavy_chain_necklace":1,"minecraft:leather_chestplate":3,"minecraft:trident":1,"vampirism:vampire_blood_bottle":1,"born_in_chaos_v1:corpse_maggot":6,"minecraft:leather_leggings":1,"doggytalents:rice_grains":16,"minecraft:beef":3,"farmersdelight:tomato_seeds":1,"minecraft:water_bucket":1,"minecraft:iron_ingot":1,"minecraft:wheat_seeds":20,"minecraft:iron_helmet":1,"minecraft:coal":2,"minecraft:stick":7,"irons_spellbooks:scroll":7,"vampirism:altar_inspiration":1,"minecraft:iron_leggings":1,"ad_astra:oil_bucket":1,"fishofthieves:wildsplash":2,"fishofthieves:ancientscale":1,"vampirism:heart_striker_ultimate":1,"minecraft:raw_copper":5,"minecraft:bowl":3,"minecraft:tuff":6,"born_in_chaos_v1:rotten_fish":2,"minecraft:iron_boots":1,"minecraft:totem_of_undying":3,"vampirism:holy_water_splash_bottle_ultimate":1,"minecraft:suspicious_stew":1,"aether:chainmail_gloves":1,"minecraft:iron_chestplate":1,"minecraft:spider_eye":1,"minecraft:stone_bricks":5},"minecraft:mined":{"minecraft:white_bed":2,"alexsmobs:leafcutter_anthill":1,"minecraft:brewing_stand":1,"minecraft:grass_block":9,"minecraft:spawner":3,"minecraft:iron_ore":16,"minecraft:cobbled_deepslate":10,"vampirism:tent":8,"biomesoplenty:hanging_cobweb":1,"minecraft:red_bed":1,"minecraft:torch":12,"minecraft:white_stained_glass_pane":2,"minecraft:wall_torch":4,"paraglider:horned_statue":1,"realmrpg_skeletons:acrobat_skeleton":1,"minecraft:grass":32,"biomesoplenty:clover":2,"minecraft:oak_log":11,"minecraft:sand":5,"minecraft:dirt":1,"minecraft:oak_leaves":3,"minecraft:deepslate":8,"minecraft:tuff":9,"vampirism:altar_inspiration":2,"biomesoplenty:desert_grass":1,"minecraft:spruce_fence":1,"alexsmobs:leafcutter_ant_chamber":6,"minecraft:bookshelf":15,"minecraft:vine":10,"biomesoplenty:mahogany_leaves":7,"minecraft:stone":31,"vampirism:tent_main":2,"minecraft:crafting_table":1,"minecraft:sponge":1,"minecraft:tall_grass":10,"minecraft:copper_ore":1,"biomesoplenty:sprout":2,"untamedwilds:block_burrow":3,"biomesoplenty:mahogany_log":4,"minecraft:spruce_log":5,"minecraft:gravel":1,"minecraft:cobweb":10,"minecraft:cracked_stone_bricks":1,"minecraft:stone_bricks":2,"minecraft:mossy_stone_bricks":2,"minecraft:chipped_anvil":1,"minecraft:iron_trapdoor":1,"minecraft:fern":4},"minecraft:used":{"minecraft:iron_shovel":8,"vampirism:heart_striker_enhanced":1,"vampirism:altar_infusion":2,"minecraft:shield":5,"minecraft:iron_sword":706,"vampirism:item_tent":1,"minecraft:grass_block":3,"minecraft:stone_bricks":18,"untamedwilds:material_fat":2,"minecraft:gold_block":2,"minecraft:potato":3,"minecraft:mossy_stone_bricks":2,"minecraft:oak_planks":5,"minecraft:chainmail_helmet":1,"vampirism:human_heart":2,"handcrafted:birch_fancy_bed":1,"minecraft:cookie":7,"minecraft:stone_brick_wall":14,"waystones:waystone":4,"vampirism:altar_pillar":26,"minecraft:bread":1,"minecraft:string":1,"minecraft:gravel":1,"minecraft:soul_lantern":1,"sons_of_sins:flesh_of_demise":1,"alexsmobs:leafcutter_ant_chamber":6,"minecraft:trident":22,"born_in_chaos_v1:ethereal_spirit":9,"minecraft:torch":23,"minecraft:dirt":3,"minecraft:cobblestone_wall":3,"minecraft:spruce_fence":1,"minecraft:iron_block":17,"minecraft:iron_axe":49,"minecraft:iron_boots":1,"minecraft:totem_of_undying":1,"minecraft:iron_leggings":1,"minecraft:water_bucket":32,"vampirism:altar_inspiration":2,"minecraft:glass_bottle":12,"minecraft:crafting_table":5,"minecraft:red_bed":3,"minecraft:white_bed":2,"minecraft:spruce_log":1,"minecraft:iron_pickaxe":109,"vampirism:altar_tip":8,"minecraft:cobblestone":19,"minecraft:potion":9,"travelersbackpack:standard":8,"minecraft:cooked_porkchop":1,"minecraft:bucket":89,"alexsmobs:animal_dictionary":1},"minecraft:custom":{"vampirism:interact_with_altar_of_infusion":31,"vampirism:action_time_vampire_rage":3650,"minecraft:interact_with_crafting_table":17,"minecraft:open_barrel":53,"minecraft:leave_game":14,"minecraft:time_since_death":0,"minecraft:damage_resisted":130,"minecraft:sprint_one_cm":437221,"minecraft:damage_blocked_by_shield":334,"minecraft:drop":269,"minecraft:talked_to_villager":5,"minecraft:play_time":333512,"minecraft:deaths":19,"minecraft:jump":3191,"minecraft:walk_on_water_one_cm":140574,"vampirism:action_time_disguise_vampire":8902,"vampirism:altar_of_inspiration_rituals_performed":82,"minecraft:interact_with_furnace":5,"vampirism:action_used_sunscreen":5,"vampirism:action_used_bat":105,"minecraft:sleep_in_bed":6,"vampirism:actions_used":157,"vampirism:altar_of_infusion_rituals_performed":7,"minecraft:waystone_activated":8,"vampirism:action_used_regen":19,"minecraft:damage_dealt":28944,"minecraft:player_kills":1,"minecraft:crouch_one_cm":9280,"vampirism:action_used_infect":6,"minecraft:mob_kills":139,"minecraft:interact_with_anvil":1,"vampirism:action_time_bat":28074,"minecraft:damage_dealt_resisted":3861,"minecraft:climb_one_cm":29240,"vampirism:action_used_summon_bat":3,"vampirism:amount_bitten":231,"minecraft:walk_one_cm":430450,"vampirism:action_time_regen":4838,"vampirism:skills_unlocked":120,"vampirism:infected_creatures":6,"vampirism:interact_with_altar_inspiration":49,"minecraft:sneak_time":9759,"minecraft:walk_under_water_one_cm":94639,"minecraft:total_world_time":333512,"vampirism:blood_drunk":54700,"vampirism:action_time_sunscreen":2234,"vampirism:action_used_disguise_vampire":12,"minecraft:interact_with_grindstone":2,"minecraft:time_since_rest":1,"vampirism:resurrected":8,"minecraft:damage_taken":407892,"minecraft:damage_absorbed":81,"minecraft:swim_one_cm":82487,"minecraft:fly_one_cm":1999289,"vampirism:action_used_vampire_rage":7,"minecraft:open_chest":26,"minecraft:aviate_one_cm":8870,"minecraft:fall_one_cm":91768},"minecraft:broken":{"minecraft:iron_boots":1,"minecraft:iron_chestplate":1,"minecraft:iron_leggings":2,"minecraft:iron_sword":1,"minecraft:chainmail_helmet":1,"minecraft:leather_boots":1,"minecraft:iron_helmet":1},"minecraft:killed":{"untamedwilds:hyena":1,"fishofthieves:ancientscale":3,"vampirism:vampire":2,"minecraft:cave_spider":1,"born_in_chaos_v1:mr_pumpkin":4,"vampirism:advanced_vampire":1,"born_in_chaos_v1:restless_spirit":3,"born_in_chaos_v1:sir_the_headless":1,"minecraft:skeleton":9,"alexsmobs:capuchin_monkey":6,"born_in_chaos_v1:skeleton_thrasher":1,"vampirism:advanced_hunter":3,"alexsmobs:kangaroo":3,"minecraft:parrot":1,"untamedwilds:boar":4,"vampirism:hunter":8,"minecraft:sheep":4,"minecraft:pillager":1,"born_in_chaos_v1:zombie_fisherman":1,"minecraft:zombie":28,"born_in_chaos_v1:dread_hound":1,"born_in_chaos_v1:corpse_fly":1,"untamedwilds:bison":1,"alexsmobs:fly":2,"untamedwilds:snake":1,"alexsmobs:raccoon":3,"born_in_chaos_v1:thornshell_crab":1,"born_in_chaos_v1:zombie_bruiser":1,"born_in_chaos_v1:maggot":11,"alexsmobs:gorilla":5,"born_in_chaos_v1:corpse_fish":2,"born_in_chaos_v1:felsteed":1,"untamedwilds:aardvark":1,"born_in_chaos_v1:baby_skeleton":1,"untamedwilds:big_cat":1,"born_in_chaos_v1:decrepit_skeleton":1,"sons_of_sins:betrayed_guzzler":1,"minecraft:enderman":1}},"DataVersion":3465}