{"stats":{"minecraft:picked_up":{"minecraft:birch_log":21,"minecraft:crafting_table":1,"minecraft:wheat":3,"minecraft:anvil":1,"minecraft:leather":2,"biomesoplenty:orange_autumn_sapling":8,"minecraft:potato":4,"biomesoplenty:fir_sapling":44,"biomesoplenty:fir_log":199,"biomesoplenty:yellow_autumn_sapling":4,"minecraft:bone":1,"minecraft:kelp":1,"untamedwilds:material_fat":1,"minecraft:wheat_seeds":10,"revive_hardcore_players:revive_crystal":2,"minecraft:grindstone":2,"minecraft:glass_bottle":1,"delightful:green_tea_leaf":4,"minecraft:stick":28,"minecraft:raw_iron":130,"werewolves:liver":1,"minecraft:note_block":1,"minecraft:porkchop":3,"minecraft:diorite":1,"minecraft:dark_oak_log":17,"minecraft:cyan_banner":1,"vampirism:blood_bottle":6,"waystones:waystone":1,"minecraft:coal":64,"minecraft:cobblestone":42},"minecraft:crafted":{"minecraft:crafting_table":2,"minecraft:wooden_pickaxe":1,"minecraft:stone_axe":1,"minecraft:air":196,"biomesoplenty:fir_planks":53,"minecraft:iron_ingot":5,"minecraft:stone_pickaxe":1},"minecraft:dropped":{"minecraft:kelp":1,"minecraft:porkchop":3,"minecraft:wheat_seeds":10,"minecraft:glass_bottle":5,"minecraft:wheat":3,"minecraft:raw_iron":128,"minecraft:cobblestone":36,"vampirism:blood_bottle":6,"minecraft:black_bed":1,"minecraft:coal":64,"biomesoplenty:fir_sapling":21,"minecraft:potato":4,"minecraft:diorite":1,"minecraft:wooden_pickaxe":1,"minecraft:bone":1},"minecraft:killed":{"untamedwilds:boar":2,"vampirism:hunter":1},"minecraft:used":{"minecraft:stone_pickaxe":45,"minecraft:wooden_pickaxe":6,"biomesoplenty:fir_planks":19,"minecraft:blue_bed":1,"minecraft:torch":39,"minecraft:anvil":4,"minecraft:crafting_table":2,"minecraft:black_bed":1,"minecraft:apple":3,"minecraft:stone_axe":20,"minecraft:potion":3,"vampirism:altar_cleansing":2,"minecraft:furnace":3},"minecraft:mined":{"minecraft:dark_oak_log":87,"minecraft:crafting_table":1,"minecraft:note_block":1,"minecraft:tall_grass":1,"minecraft:grindstone":2,"minecraft:kelp":1,"minecraft:diorite":1,"minecraft:carrots":1,"minecraft:birch_log":69,"minecraft:iron_ore":2,"minecraft:wheat":4,"minecraft:cyan_wall_banner":1,"minecraft:anvil":1,"biomesoplenty:fir_log":771,"minecraft:grass":9,"minecraft:potatoes":2,"minecraft:oak_log":52,"minecraft:stone":42,"minecraft:fern":3},"minecraft:custom":{"minecraft:interact_with_furnace":5,"minecraft:interact_with_anvil":5,"minecraft:mob_kills":5,"minecraft:tune_noteblock":5,"minecraft:interact_with_crafting_table":6,"minecraft:open_barrel":4,"minecraft:interact_with_loom":1,"minecraft:leave_game":3,"minecraft:time_since_death":59343,"minecraft:sleep_in_bed":2,"minecraft:climb_one_cm":876,"minecraft:time_since_rest":362,"vampirism:resurrected":2,"minecraft:waystone_activated":1,"vampirism:amount_bitten":19,"minecraft:sprint_one_cm":87204,"minecraft:walk_one_cm":52821,"minecraft:damage_taken":1136,"minecraft:drop":28,"vampirism:skills_unlocked":1,"minecraft:damage_dealt":578,"minecraft:play_noteblock":1,"minecraft:swim_one_cm":90127,"minecraft:talked_to_villager":5,"minecraft:fly_one_cm":244169,"minecraft:open_chest":7,"minecraft:crouch_one_cm":5854,"minecraft:play_time":59343,"minecraft:sneak_time":2381,"minecraft:walk_under_water_one_cm":80734,"minecraft:jump":443,"minecraft:walk_on_water_one_cm":9185,"minecraft:total_world_time":59343,"vampirism:blood_drunk":9200,"minecraft:fall_one_cm":8676}},"DataVersion":3465}