{"stats":{"minecraft:picked_up":{"biomesoplenty:fir_log":30,"minecraft:stick":1,"delightful:green_tea_leaf":2,"biomesoplenty:fir_sapling":11},"minecraft:used":{"biomesoplenty:fir_sapling":11},"minecraft:mined":{"biomesoplenty:fir_log":30},"minecraft:custom":{"minecraft:jump":64,"minecraft:time_since_rest":1906,"minecraft:leave_game":1,"minecraft:sprint_one_cm":12177,"minecraft:play_time":1906,"minecraft:time_since_death":1906,"minecraft:walk_one_cm":4830,"minecraft:total_world_time":1906,"minecraft:fall_one_cm":1463,"minecraft:fly_one_cm":19201}},"DataVersion":3465}