{"stats":{"minecraft:picked_up":{"ars_nouveau:caster_tome":1,"minecraft:charcoal":8,"minecraft:crafting_table":2,"minecraft:enchanted_book":1,"minecraft:potion":1,"minecraft:string":12,"minecraft:red_bed":1,"delightful:acorn":1,"minecraft:cobblestone_slab":2,"minecraft:jungle_sapling":1,"minecraft:iron_nugget":10,"minecraft:iron_pickaxe":1,"biomesoplenty:wildflower":1,"delightful:green_tea_leaf":2,"minecraft:phantom_membrane":1,"minecraft:stick":17,"untamedwilds:flora_common_reed":1,"minecraft:torch":4,"minecraft:golden_axe":1,"minecraft:redstone":9,"minecraft:rotten_flesh":1,"biomesoplenty:mahogany_sapling":6,"minecraft:hay_block":2,"minecraft:cobblestone":43,"minecraft:mossy_cobblestone_slab":1,"minecraft:basalt":4,"untamedwilds:flora_elephant_ear":1,"minecraft:repeater":1,"minecraft:tripwire_hook":2,"minecraft:jungle_log":1,"minecraft:leather":3,"minecraft:smoker":1,"doggytalents:rice_grains":2,"minecraft:oak_log":8,"evilcraft:flesh_humanoid":1,"minecraft:cobblestone_stairs":2,"minecraft:dirt":27,"minecraft:bone":1,"minecraft:apple":1,"minecraft:wheat_seeds":15,"fishofthieves:earthworms":10,"minecraft:fletching_table":2,"minecraft:flowering_azalea":1,"minecraft:emerald_block":5,"waystones:mossy_waystone":1,"minecraft:sand":19,"minecraft:ink_sac":2,"minecraft:diamond_block":3,"minecraft:mossy_cobblestone":9,"biomesoplenty:mahogany_log":39,"minecraft:lever":1,"minecraft:iron_helmet":1,"minecraft:mossy_cobblestone_stairs":1,"minecraft:oak_sapling":3,"born_in_chaos_v1:rotten_fish":1},"minecraft:used":{"biomesoplenty:mahogany_planks":26,"minecraft:redstone":9,"born_in_chaos_v1:smoked_fish":1,"minecraft:iron_sword":20,"minecraft:torch":24,"minecraft:dirt":27,"farmersdelight:flint_knife":29,"fishofthieves:cooked_plentifin":1,"vampirism:item_tent":2,"minecraft:flowering_azalea":1,"minecraft:jungle_log":1,"minecraft:mossy_cobblestone_slab":1,"minecraft:iron_boots":1,"evilcraft:flesh_humanoid":1,"biomesoplenty:mahogany_sapling":1,"minecraft:basalt":4,"minecraft:repeater":1,"minecraft:golden_carrot":3,"minecraft:hay_block":2,"minecraft:cooked_cod":5,"minecraft:furnace":2,"minecraft:oak_sapling":3,"fishofthieves:cooked_islehopper":1,"minecraft:iron_leggings":1,"minecraft:water_bucket":79,"minecraft:cobblestone_stairs":2,"minecraft:glass_bottle":105,"minecraft:fletching_table":2,"minecraft:cobblestone_slab":2,"untamedwilds:flora_common_reed":1,"minecraft:golden_apple":1,"minecraft:mossy_cobblestone":9,"minecraft:sand":7,"minecraft:crafting_table":6,"minecraft:red_bed":1,"biomesoplenty:wildflower":1,"minecraft:lever":1,"minecraft:apple":12,"minecraft:bread":15,"minecraft:suspicious_stew":1,"minecraft:iron_pickaxe":235,"minecraft:cobblestone":9,"minecraft:potion":107,"minecraft:bucket":80,"minecraft:air":2},"minecraft:killed_by":{"minecraft:skeleton":3,"minecraft:phantom":6,"minecraft:zombie":2,"born_in_chaos_v1:corpse_fish":1,"vampirism:vampire":2},"minecraft:crafted":{"minecraft:oak_planks":10,"biomesoplenty:mahogany_planks":18,"minecraft:furnace":2,"minecraft:glass":12,"minecraft:diamond":18,"minecraft:iron_boots":1,"minecraft:arrow":64,"minecraft:emerald":45,"born_in_chaos_v1:smoked_fish":1,"minecraft:crafting_table":4,"travelersbackpack:backpack_tank":2,"minecraft:iron_sword":1,"minecraft:bucket":1,"minecraft:air":87,"minecraft:white_wool":3,"minecraft:charcoal":12,"minecraft:iron_ingot":2,"minecraft:iron_pickaxe":1,"minecraft:gold_ingot":9,"minecraft:iron_leggings":1,"minecraft:white_bed":1,"minecraft:torch":9},"minecraft:broken":{"minecraft:iron_pickaxe":1},"minecraft:mined":{"minecraft:mossy_cobblestone":13,"minecraft:cobblestone_stairs":4,"minecraft:jungle_leaves":14,"minecraft:grass_block":18,"minecraft:jungle_log":1,"minecraft:redstone_wire":7,"biomesoplenty:dune_grass":1,"minecraft:chiseled_stone_bricks":2,"minecraft:hay_block":2,"minecraft:mossy_cobblestone_slab":1,"minecraft:mossy_cobblestone_stairs":1,"minecraft:diamond_block":2,"minecraft:fletching_table":2,"minecraft:vine":10,"minecraft:dirt_path":1,"minecraft:cobblestone_slab":2,"biomesoplenty:mahogany_leaves":2,"minecraft:stone":8,"minecraft:tripwire":1,"minecraft:flowering_azalea":1,"minecraft:red_bed":1,"minecraft:smoker":1,"minecraft:basalt":4,"minecraft:crafting_table":2,"untamedwilds:flora_common_reed":1,"minecraft:campfire":4,"minecraft:tall_grass":1,"minecraft:cobblestone":49,"biomesoplenty:sprout":1,"minecraft:stone_stairs":1,"untamedwilds:block_burrow":1,"biomesoplenty:mahogany_log":47,"minecraft:birch_leaves":1,"minecraft:grass":4,"minecraft:oak_log":8,"minecraft:sand":29,"minecraft:dirt":9,"minecraft:cobweb":10,"minecraft:oak_leaves":7,"minecraft:emerald_block":5,"minecraft:fern":12},"minecraft:dropped":{"minecraft:wheat_seeds":15,"minecraft:glass_bottle":1,"minecraft:cobblestone":18,"biomesoplenty:mahogany_planks":1,"minecraft:stick":2,"minecraft:torch":4,"minecraft:potion":1,"minecraft:iron_pickaxe":1,"minecraft:bone":1,"minecraft:diamond_block":1,"minecraft:bowl":1,"minecraft:rotten_flesh":1,"minecraft:filled_map":1,"fishofthieves:earthworms":3,"minecraft:charcoal":2,"doggytalents:rice_grains":1},"minecraft:custom":{"minecraft:mob_kills":8,"minecraft:interact_with_crafting_table":23,"minecraft:open_barrel":26,"minecraft:damage_dealt_resisted":593,"minecraft:leave_game":3,"minecraft:time_since_death":7207,"minecraft:climb_one_cm":30687,"minecraft:sprint_one_cm":303197,"minecraft:walk_one_cm":408745,"minecraft:drop":36,"minecraft:talked_to_villager":12,"minecraft:sneak_time":4744,"minecraft:play_time":187375,"minecraft:deaths":21,"minecraft:walk_under_water_one_cm":119011,"minecraft:jump":2561,"minecraft:walk_on_water_one_cm":106630,"minecraft:total_world_time":187375,"minecraft:interact_with_furnace":20,"minecraft:traded_with_villager":5,"minecraft:sleep_in_bed":2,"minecraft:time_since_rest":7235,"minecraft:waystone_activated":1,"minecraft:damage_taken":7791,"minecraft:trigger_trapped_chest":1,"minecraft:damage_dealt":2242,"minecraft:swim_one_cm":65335,"minecraft:fly_one_cm":329082,"minecraft:open_chest":82,"minecraft:crouch_one_cm":9533,"minecraft:interact_with_smoker":3,"minecraft:fall_one_cm":61915,"minecraft:inspect_dispenser":1},"minecraft:killed":{"minecraft:spider":2,"minecraft:phantom":1,"born_in_chaos_v1:baby_skeleton":1,"minecraft:zombie":3}},"DataVersion":3465}