{"stats":{"minecraft:picked_up":{"minecraft:stick":2,"minecraft:cooked_porkchop":4,"biomesoplenty:orange_autumn_sapling":1,"biomesoplenty:fir_sapling":11,"biomesoplenty:fir_log":30,"minecraft:dark_oak_log":5,"minecraft:dirt":30,"minecraft:iron_axe":1,"biomesoplenty:yellow_autumn_sapling":2,"delightful:green_tea_leaf":4,"minecraft:cobblestone":2},"minecraft:custom":{"minecraft:time_since_rest":7892,"minecraft:waystone_activated":1,"minecraft:interact_with_furnace":1,"minecraft:sprint_one_cm":35375,"minecraft:damage_taken":475,"minecraft:walk_one_cm":36625,"minecraft:drop":4,"minecraft:damage_dealt":38,"minecraft:interact_with_crafting_table":3,"minecraft:fly_one_cm":246046,"minecraft:open_chest":5,"minecraft:crouch_one_cm":15,"minecraft:play_time":21652,"minecraft:deaths":2,"minecraft:sneak_time":1422,"minecraft:jump":252,"minecraft:leave_game":3,"minecraft:walk_on_water_one_cm":296,"minecraft:time_since_death":7859,"minecraft:sleep_in_bed":1,"minecraft:total_world_time":21652,"minecraft:fall_one_cm":8063},"minecraft:crafted":{"minecraft:stick":1,"minecraft:wooden_pickaxe":1,"minecraft:dark_oak_planks":8,"minecraft:air":4},"minecraft:mined":{"minecraft:dark_oak_log":5,"biomesoplenty:fir_log":30,"minecraft:grass_block":2,"minecraft:dirt":4,"minecraft:stone":2},"minecraft:used":{"biomesoplenty:fir_sapling":11,"minecraft:wooden_pickaxe":2,"biomesoplenty:yellow_autumn_sapling":2,"minecraft:dirt":30,"minecraft:cooked_porkchop":2},"minecraft:dropped":{"revive_hardcore_players:revive_crystal":1,"biomesoplenty:orange_autumn_sapling":1,"delightful:green_tea_leaf":2}},"DataVersion":3465}