{"stats":{"minecraft:picked_up":{"biomesoplenty:yellow_autumn_sapling":2,"minecraft:stick":2,"biomesoplenty:orange_autumn_sapling":1,"biomesoplenty:fir_sapling":11,"biomesoplenty:fir_log":30,"delightful:green_tea_leaf":3,"minecraft:dark_oak_log":5},"minecraft:custom":{"minecraft:open_chest":1,"minecraft:time_since_rest":1668,"minecraft:play_time":6924,"minecraft:sprint_one_cm":16325,"minecraft:walk_one_cm":11066,"minecraft:damage_taken":245,"minecraft:deaths":1,"minecraft:sneak_time":393,"minecraft:jump":123,"minecraft:leave_game":2,"minecraft:time_since_death":4721,"minecraft:sleep_in_bed":1,"minecraft:total_world_time":6924,"minecraft:fall_one_cm":4354,"minecraft:fly_one_cm":66670},"minecraft:mined":{"minecraft:dark_oak_log":5,"biomesoplenty:fir_log":30},"minecraft:used":{"biomesoplenty:fir_sapling":11,"biomesoplenty:yellow_autumn_sapling":2}},"DataVersion":3465}