{"stats":{"minecraft:picked_up":{"minecraft:iron_axe":1,"biomesoplenty:yellow_autumn_sapling":2,"minecraft:stick":2,"biomesoplenty:orange_autumn_sapling":1,"biomesoplenty:fir_sapling":11,"biomesoplenty:fir_log":30,"delightful:green_tea_leaf":4,"minecraft:dark_oak_log":5,"minecraft:dirt":28},"minecraft:custom":{"minecraft:time_since_rest":6069,"minecraft:open_chest":5,"minecraft:waystone_activated":1,"minecraft:interact_with_furnace":1,"minecraft:play_time":11325,"minecraft:sprint_one_cm":31545,"minecraft:deaths":1,"minecraft:damage_taken":410,"minecraft:walk_one_cm":26533,"minecraft:sneak_time":405,"minecraft:drop":3,"minecraft:jump":226,"minecraft:damage_dealt":38,"minecraft:leave_game":2,"minecraft:time_since_death":9122,"minecraft:sleep_in_bed":1,"minecraft:total_world_time":11325,"minecraft:interact_with_crafting_table":3,"minecraft:fall_one_cm":7450,"minecraft:fly_one_cm":91389},"minecraft:crafted":{"minecraft:dark_oak_planks":8,"minecraft:stick":1,"minecraft:wooden_pickaxe":1,"minecraft:air":4},"minecraft:used":{"minecraft:dirt":25,"biomesoplenty:fir_sapling":11,"biomesoplenty:yellow_autumn_sapling":2},"minecraft:mined":{"minecraft:grass_block":2,"minecraft:dirt":4,"minecraft:dark_oak_log":5,"biomesoplenty:fir_log":30},"minecraft:dropped":{"biomesoplenty:orange_autumn_sapling":1,"delightful:green_tea_leaf":2}},"DataVersion":3465}