{"stats":{"minecraft:mined":{"minecraft:tuff":2,"minecraft:mossy_cobblestone":14,"minecraft:deepslate_diamond_ore":2,"minecraft:candle":1,"vampirism:altar_inspiration":1,"minecraft:cobblestone_stairs":4,"minecraft:jungle_leaves":16,"minecraft:grass_block":21,"minecraft:jungle_log":1,"minecraft:redstone_wire":7,"biomesoplenty:dune_grass":1,"minecraft:chiseled_stone_bricks":6,"minecraft:hay_block":2,"minecraft:raw_iron_block":1,"minecraft:mossy_cobblestone_slab":1,"minecraft:mossy_cobblestone_stairs":1,"minecraft:diamond_block":2,"minecraft:stripped_spruce_log":1,"minecraft:fletching_table":2,"biomesoplenty:mahogany_leaves":16,"minecraft:deepslate_iron_ore":3,"biomesoplenty:high_grass":9,"minecraft:cobblestone_slab":2,"minecraft:dirt_path":1,"minecraft:vine":41,"minecraft:stone":8,"minecraft:tripwire":1,"minecraft:flowering_azalea":1,"minecraft:red_bed":1,"minecraft:smoker":1,"minecraft:basalt":4,"minecraft:crafting_table":4,"minecraft:torch":3,"untamedwilds:flora_common_reed":1,"minecraft:campfire":4,"biomesoplenty:high_grass_plant":28,"minecraft:tall_grass":3,"minecraft:cobblestone":55,"biomesoplenty:sprout":1,"minecraft:blue_bed":1,"minecraft:wall_torch":1,"minecraft:stone_stairs":1,"untamedwilds:block_burrow":1,"minecraft:coarse_dirt":1,"biomesoplenty:pink_daffodil":2,"minecraft:birch_log":3,"biomesoplenty:mahogany_log":47,"minecraft:spruce_log":4,"minecraft:birch_leaves":1,"minecraft:grass":37,"minecraft:coal_ore":19,"minecraft:oak_log":8,"minecraft:gravel":1,"minecraft:sand":29,"minecraft:dirt":9,"minecraft:cobweb":18,"minecraft:cracked_stone_bricks":3,"minecraft:stone_bricks":3,"minecraft:mossy_stone_bricks":3,"minecraft:oak_leaves":7,"minecraft:fern":14,"minecraft:emerald_block":5},"minecraft:used":{"biomesoplenty:mahogany_planks":34,"minecraft:redstone":9,"minecraft:spruce_planks":2,"born_in_chaos_v1:smoked_fish":1,"minecraft:iron_sword":106,"minecraft:cooked_chicken":1,"minecraft:torch":70,"minecraft:dirt":28,"farmersdelight:flint_knife":29,"minecraft:tuff":2,"fishofthieves:cooked_plentifin":1,"vampirism:item_tent":2,"minecraft:flowering_azalea":1,"minecraft:jungle_log":1,"minecraft:mossy_cobblestone_slab":1,"minecraft:iron_boots":1,"minecraft:item_frame":1,"evilcraft:flesh_humanoid":1,"minecraft:repeater":1,"minecraft:basalt":4,"biomesoplenty:mahogany_sapling":1,"minecraft:diamond_chestplate":1,"minecraft:golden_carrot":3,"minecraft:bow":12,"minecraft:hay_block":2,"fishofthieves:cooked_islehopper":1,"minecraft:oak_sapling":3,"minecraft:furnace":2,"minecraft:cooked_cod":5,"minecraft:iron_leggings":2,"minecraft:mossy_stone_bricks":1,"vampirism:altar_inspiration":1,"minecraft:water_bucket":118,"minecraft:cobblestone_stairs":2,"minecraft:glass_bottle":147,"minecraft:blue_bed":1,"untamedwilds:flora_common_reed":1,"minecraft:fletching_table":2,"minecraft:cobblestone_slab":2,"biomesoplenty:mahogany_log":12,"minecraft:golden_apple":4,"minecraft:mossy_cobblestone":9,"minecraft:sand":7,"minecraft:crafting_table":9,"minecraft:red_bed":1,"minecraft:white_bed":1,"biomesoplenty:wildflower":1,"minecraft:spruce_log":1,"minecraft:lever":1,"minecraft:apple":12,"minecraft:bread":36,"minecraft:iron_pickaxe":283,"minecraft:suspicious_stew":1,"waystones:mossy_waystone":1,"minecraft:gravel":2,"minecraft:potion":145,"minecraft:cobblestone":13,"minecraft:bucket":119,"minecraft:air":11,"minecraft:candle":3},"minecraft:custom":{"minecraft:mob_kills":28,"minecraft:interact_with_crafting_table":39,"minecraft:open_barrel":47,"minecraft:damage_dealt_resisted":593,"minecraft:leave_game":6,"minecraft:time_since_death":23889,"minecraft:climb_one_cm":75890,"minecraft:sprint_one_cm":506924,"minecraft:walk_one_cm":731472,"minecraft:drop":157,"minecraft:talked_to_villager":12,"minecraft:sneak_time":7992,"minecraft:deaths":35,"vampirism:interact_with_altar_inspiration":23,"minecraft:play_time":298419,"minecraft:walk_under_water_one_cm":132653,"minecraft:jump":3916,"minecraft:walk_on_water_one_cm":173946,"minecraft:total_world_time":298419,"vampirism:altar_of_inspiration_rituals_performed":232,"minecraft:interact_with_furnace":27,"minecraft:traded_with_villager":5,"minecraft:sleep_in_bed":3,"minecraft:time_since_rest":8465,"minecraft:waystone_activated":3,"minecraft:damage_taken":12767,"minecraft:damage_absorbed":120,"minecraft:trigger_trapped_chest":1,"minecraft:damage_dealt":6511,"minecraft:swim_one_cm":71314,"minecraft:fly_one_cm":565579,"minecraft:open_chest":100,"minecraft:crouch_one_cm":15050,"minecraft:interact_with_smoker":3,"minecraft:fall_one_cm":100521,"minecraft:inspect_dispenser":1},"minecraft:dropped":{"vampirism:item_garlic":1,"minecraft:enchanted_book":2,"minecraft:wheat_seeds":39,"minecraft:glass_bottle":31,"vampirism:vampire_book":1,"minecraft:cobblestone":18,"biomesoplenty:mahogany_planks":17,"minecraft:saddle":1,"minecraft:stick":4,"ars_nouveau:worn_notebook":2,"minecraft:torch":28,"minecraft:potion":2,"minecraft:heart_of_the_sea":1,"minecraft:iron_pickaxe":1,"fishofthieves:ancientscale":1,"minecraft:gold_ingot":2,"minecraft:bone":9,"vampirism:heart_striker_ultimate":1,"minecraft:diamond_block":1,"minecraft:cooked_chicken":1,"alexsmobs:animal_dictionary":2,"minecraft:bowl":1,"minecraft:tuff":1,"vampirism:holy_water_bottle_ultimate":1,"minecraft:rotten_flesh":9,"vampirism:blood_bottle":2,"vampirism:heart_striker_enhanced":1,"evilcraft:flesh_humanoid":8,"minecraft:filled_map":1,"fishofthieves:earthworms":3,"vampirism:vampire_blood_bottle":2,"minecraft:charcoal":2,"vampirism:basic_double_crossbow":1,"minecraft:mossy_stone_bricks":1,"vampirism:crucifix_normal":1,"doggytalents:rice_grains":12,"minecraft:arrow":64,"minecraft:beef":1},"minecraft:killed":{"minecraft:spider":2,"minecraft:phantom":1,"vampirism:advanced_hunter":2,"born_in_chaos_v1:baby_skeleton_2":1,"born_in_chaos_v1:baby_skeleton":1,"born_in_chaos_v1:decrepit_skeleton":1,"vampirism:hunter":8,"minecraft:zombie":5,"born_in_chaos_v1:corpse_fly":1,"born_in_chaos_v1:nightmare_stalker":1,"minecraft:cow":2},"minecraft:crafted":{"minecraft:oak_planks":10,"minecraft:raw_iron":1,"biomesoplenty:mahogany_planks":18,"minecraft:furnace":2,"travelersbackpack:pink_sleeping_bag":1,"minecraft:pink_dye":2,"minecraft:glass":12,"minecraft:diamond":18,"minecraft:iron_boots":1,"minecraft:chest":1,"minecraft:arrow":64,"minecraft:emerald":45,"born_in_chaos_v1:smoked_fish":1,"minecraft:crafting_table":5,"travelersbackpack:standard":1,"minecraft:spruce_planks":2,"travelersbackpack:backpack_tank":2,"minecraft:iron_sword":1,"minecraft:birch_planks":3,"minecraft:bucket":1,"minecraft:air":217,"minecraft:pink_wool":2,"minecraft:white_wool":3,"minecraft:charcoal":12,"minecraft:shield":1,"minecraft:stick":4,"minecraft:iron_ingot":2,"minecraft:iron_pickaxe":1,"minecraft:iron_leggings":1,"minecraft:gold_ingot":13,"minecraft:white_bed":1,"minecraft:torch":21,"minecraft:diamond_chestplate":1},"minecraft:broken":{"minecraft:iron_pickaxe":1,"minecraft:iron_helmet":1},"minecraft:killed_by":{"born_in_chaos_v1:nightmare_stalker":1,"rootoffear:wilted":7,"minecraft:skeleton":3,"minecraft:phantom":6,"minecraft:zombie":2,"born_in_chaos_v1:corpse_fish":1,"vampirism:hunter":1,"vampirism:vampire":2,"born_in_chaos_v1:dread_hound":2},"minecraft:picked_up":{"ars_nouveau:caster_tome":1,"minecraft:charcoal":8,"minecraft:crafting_table":4,"minecraft:enchanted_book":1,"minecraft:potion":2,"minecraft:string":12,"minecraft:red_bed":1,"irons_spellbooks:heavy_chain_necklace":1,"minecraft:item_frame":1,"minecraft:candle":3,"delightful:acorn":1,"minecraft:beef":1,"minecraft:cobblestone_slab":2,"minecraft:jungle_sapling":1,"minecraft:iron_nugget":10,"minecraft:iron_pickaxe":1,"vampirism:heart_striker_ultimate":2,"biomesoplenty:wildflower":1,"delightful:green_tea_leaf":2,"minecraft:chest":1,"minecraft:phantom_membrane":1,"minecraft:stick":19,"minecraft:raw_iron":3,"untamedwilds:flora_common_reed":1,"minecraft:torch":20,"minecraft:golden_axe":1,"born_in_chaos_v1:nightmare_claw":1,"minecraft:redstone":9,"vampirism:blood_bottle":21,"minecraft:rotten_flesh":9,"vampirism:altar_inspiration":2,"biomesoplenty:mahogany_sapling":6,"ars_nouveau:worn_notebook":1,"minecraft:hay_block":2,"minecraft:gold_ingot":2,"minecraft:cobblestone":47,"paraglider:paraglider":1,"minecraft:birch_log":3,"vampirism:vampire_book":1,"minecraft:mossy_cobblestone_slab":1,"vampirism:vampire_blood_bottle":2,"minecraft:basalt":4,"minecraft:repeater":1,"untamedwilds:flora_elephant_ear":1,"born_in_chaos_v1:monster_flesh":2,"minecraft:tripwire_hook":2,"minecraft:jungle_log":1,"minecraft:leather":13,"minecraft:smoker":1,"doggytalents:rice_grains":13,"minecraft:tuff":3,"evilcraft:flesh_humanoid":10,"minecraft:oak_log":8,"minecraft:cobblestone_stairs":2,"minecraft:blue_bed":1,"minecraft:dirt":28,"born_in_chaos_v1:nightmare_stalker_skull":1,"travelersbackpack:backpack_tank":4,"minecraft:bone":9,"vampirism:human_heart":2,"minecraft:apple":1,"minecraft:bow":1,"minecraft:wheat_seeds":40,"vampirism:item_garlic":1,"minecraft:iron_ingot":1,"fishofthieves:earthworms":10,"minecraft:mossy_stone_bricks":2,"minecraft:fletching_table":2,"minecraft:glass_bottle":20,"vampirism:holy_water_bottle_ultimate":1,"minecraft:flowering_azalea":1,"biomesoplenty:mahogany_planks":16,"minecraft:emerald_block":5,"vampirism:basic_double_crossbow":1,"vampirism:crucifix_normal":1,"waystones:mossy_waystone":1,"minecraft:raw_iron_block":1,"minecraft:gravel":2,"minecraft:sand":19,"fishofthieves:ancientscale":1,"minecraft:ink_sac":2,"minecraft:spruce_log":3,"minecraft:diamond_block":3,"alexsmobs:animal_dictionary":1,"minecraft:mossy_cobblestone":9,"biomesoplenty:mahogany_log":43,"minecraft:diamond":2,"minecraft:lever":1,"minecraft:iron_helmet":1,"minecraft:mossy_cobblestone_stairs":1,"biomesoplenty:pink_daffodil":2,"minecraft:blue_banner":1,"minecraft:oak_sapling":3,"born_in_chaos_v1:rotten_fish":1,"minecraft:coal":19}},"DataVersion":3465}