{"stats":{"minecraft:killed":{"minecraft:cod":1,"minecraft:pufferfish":1,"fishofthieves:wildsplash":2,"werewolves:werewolf_beast":1,"mythicmounts:geckotoalizard":1,"fishofthieves:splashtail":1,"minecraft:pig":3,"ars_nouveau:drygmy":1,"born_in_chaos_v1:baby_skeleton":2,"ars_nouveau:starbuncle":1,"minecraft:iron_golem":1,"born_in_chaos_v1:decrepit_skeleton":1,"vampirism:hunter":2,"born_in_chaos_v1:corpse_fly":2,"minecraft:cow":12},"minecraft:used":{"fishofthieves:stormfish":1,"minecraft:shield":8,"minecraft:stone":10,"minecraft:iron_sword":70,"minecraft:cooked_chicken":9,"minecraft:torch":8,"fishofthieves:earthworms":1,"minecraft:chainmail_chestplate":1,"minecraft:carrot":12,"farmersdelight:bacon":2,"biomesoplenty:fir_sapling":28,"minecraft:iron_axe":17,"delightful:green_tea_leaf":4,"minecraft:golden_carrot":1,"minecraft:beef":1,"minecraft:cooked_cod":5,"untamedwilds:material_fat":2,"minecraft:cooked_beef":9,"minecraft:iron_leggings":1,"minecraft:cooked_mutton":2,"minecraft:glass_bottle":49,"fishofthieves:splashtail":1,"minecraft:stone_pickaxe":33,"minecraft:oak_planks":5,"minecraft:wooden_pickaxe":3,"biomesoplenty:fir_planks":321,"minecraft:tnt":4,"fishofthieves:cooked_splashtail":4,"minecraft:diamond_pickaxe":5,"minecraft:apple":2,"minecraft:firework_rocket":3,"fishofthieves:grubs":1,"fishofthieves:wildsplash":4,"minecraft:cyan_bed":7,"minecraft:iron_pickaxe":163,"minecraft:suspicious_stew":2,"werewolves:liver":1,"minecraft:fishing_rod":14,"minecraft:fire_charge":4,"born_in_chaos_v1:rotten_fish":2,"minecraft:potion":47,"minecraft:cobblestone":61,"minecraft:cooked_porkchop":1,"minecraft:porkchop":3,"alexsmobs:animal_dictionary":2,"minecraft:stripped_oak_log":1,"minecraft:air":1},"minecraft:picked_up":{"minecraft:fishing_rod":2,"minecraft:charcoal":16,"minecraft:wheat":3,"minecraft:suspicious_stew":2,"minecraft:brown_mushroom":64,"minecraft:potion":1,"minecraft:shield":1,"paraglider:goddess_statue":1,"minecraft:iron_axe":1,"minecraft:pufferfish":1,"biomesoplenty:fir_planks":8,"minecraft:beef":19,"minecraft:rose_bush":2,"minecraft:poppy":2,"delightful:green_tea_leaf":4,"minecraft:spruce_trapdoor":6,"minecraft:stick":21,"minecraft:torch":9,"werewolves:liver":3,"minecraft:spruce_fence":2,"minecraft:porkchop":11,"minecraft:diorite":3,"born_in_chaos_v1:nightmare_claw":1,"minecraft:carrot":4,"minecraft:redstone":8,"minecraft:prismarine_crystals":2,"minecraft:stone_sword":1,"minecraft:cooked_cod":4,"ars_nouveau:worn_notebook":1,"minecraft:cobblestone":80,"minecraft:stripped_oak_log":2,"born_in_chaos_v1:corpse_maggot":3,"minecraft:leather":11,"biomesoplenty:fir_log":117,"biomesoplenty:fir_sapling":60,"doggytalents:rice_grains":1,"minecraft:flint":6,"minecraft:oak_log":7,"evilcraft:flesh_humanoid":2,"minecraft:dirt":5,"fishofthieves:wildsplash":4,"vampirism:human_heart":1,"minecraft:stone_bricks":3,"untamedwilds:material_fat":2,"minecraft:wheat_seeds":7,"minecraft:raw_gold":15,"vampirism:item_garlic":1,"minecraft:iron_ingot":6,"minecraft:cooked_chicken":9,"minecraft:glass_bottle":7,"minecraft:bamboo":12,"minecraft:iron_sword":4,"minecraft:oak_planks":24,"minecraft:cooked_porkchop":1,"vampirism:ring":1,"dungeonsweaponry:trickbow":1,"minecraft:cyan_bed":7,"minecraft:barrel":1,"fishofthieves:fish_bone":1,"fishofthieves:splashtail":4,"minecraft:spruce_fence_gate":5,"minecraft:diamond":4,"fishofthieves:cooked_splashtail":4,"minecraft:emerald":17,"born_in_chaos_v1:rotten_fish":2},"minecraft:mined":{"minecraft:deepslate_diamond_ore":4,"minecraft:granite":2,"minecraft:grass_block":3,"ars_nouveau:sourceberry_bush":1,"minecraft:carrots":1,"deep_dark_regrowth:sculk_biter_on":1,"minecraft:barrel":1,"minecraft:lantern":1,"minecraft:stripped_oak_log":1,"minecraft:azalea":1,"minecraft:stone":82,"minecraft:deepslate_redstone_ore":2,"minecraft:flowering_azalea":1,"deep_dark_regrowth:sculk_ribs":1,"minecraft:torch":3,"minecraft:emerald_ore":19,"biomesoplenty:fir_planks":8,"minecraft:tall_grass":2,"minecraft:cobblestone":5,"minecraft:deepslate_gold_ore":15,"minecraft:cyan_bed":7,"minecraft:bricks":1,"ars_elemental:yellow_archwood_log":46,"minecraft:oak_planks":1,"minecraft:sculk":7,"minecraft:diorite":26,"minecraft:wall_torch":1,"minecraft:cobblestone_wall":1,"minecraft:wheat":1,"biomesoplenty:fir_log":117,"biomesoplenty:fir_leaves":5,"minecraft:dirt":2,"minecraft:terracotta":1,"minecraft:stone_bricks":3,"minecraft:stripped_acacia_wood":1,"minecraft:deepslate":18,"paraglider:goddess_statue":1},"minecraft:custom":{"minecraft:interact_with_anvil":2,"minecraft:mob_kills":32,"minecraft:interact_with_crafting_table":15,"minecraft:open_barrel":35,"minecraft:bell_ring":4,"minecraft:damage_dealt_resisted":144,"minecraft:leave_game":20,"minecraft:time_since_death":7117,"minecraft:climb_one_cm":28181,"minecraft:sprint_one_cm":308021,"minecraft:walk_one_cm":471374,"minecraft:damage_blocked_by_shield":465,"minecraft:drop":59,"vampirism:interact_with_totem":1,"vampirism:skills_unlocked":11,"minecraft:talked_to_villager":32,"minecraft:play_time":173442,"minecraft:deaths":10,"minecraft:sneak_time":13265,"minecraft:walk_under_water_one_cm":83469,"minecraft:jump":2192,"minecraft:walk_on_water_one_cm":43571,"minecraft:total_world_time":173442,"vampirism:blood_drunk":600,"minecraft:interact_with_furnace":12,"minecraft:traded_with_villager":3,"minecraft:interact_with_loom":1,"minecraft:interact_with_grindstone":1,"minecraft:sleep_in_bed":2,"minecraft:time_since_rest":7142,"minecraft:waystone_activated":2,"minecraft:damage_taken":6064,"minecraft:trigger_trapped_chest":1,"minecraft:damage_dealt":5282,"minecraft:swim_one_cm":93671,"minecraft:fly_one_cm":848000,"minecraft:open_chest":56,"minecraft:crouch_one_cm":25796,"minecraft:interact_with_smoker":9,"minecraft:fish_caught":2,"minecraft:fall_one_cm":43754},"minecraft:crafted":{"minecraft:stone":12,"minecraft:cooked_mutton":2,"minecraft:iron_axe":2,"minecraft:stone_pickaxe":1,"minecraft:cooked_beef":16,"minecraft:cooked_cod":1,"minecraft:wooden_pickaxe":1,"minecraft:iron_sword":1,"minecraft:air":0,"biomesoplenty:fir_planks":320,"minecraft:diamond_pickaxe":1,"minecraft:stick":8,"minecraft:iron_pickaxe":1},"minecraft:dropped":{"biomesoplenty:fir_log":37,"minecraft:iron_ingot":1,"minecraft:iron_sword":2,"minecraft:wheat_seeds":7,"minecraft:oak_log":7,"minecraft:glass_bottle":4,"minecraft:diamond":2,"minecraft:cobblestone":8,"minecraft:prismarine_crystals":2,"biomesoplenty:fir_sapling":32,"dungeonsweaponry:trickbow":1,"minecraft:dirt":4,"ars_nouveau:worn_notebook":1,"minecraft:diorite":3,"fishofthieves:plentifin":1,"revive_hardcore_players:revive_crystal":2,"minecraft:rose_bush":1,"minecraft:gold_nugget":12,"minecraft:iron_axe":2,"minecraft:fishing_rod":1,"minecraft:redstone":8,"minecraft:bowl":2,"minecraft:wheat":3,"fishofthieves:leeches":1,"minecraft:stripped_oak_log":1,"fishofthieves:fish_bone":1,"evilcraft:flesh_humanoid":1,"minecraft:filled_map":1,"minecraft:poppy":2,"minecraft:stone":2,"minecraft:charcoal":13,"doggytalents:rice_grains":1,"minecraft:bamboo":13,"fishofthieves:battlegill":1,"minecraft:wooden_pickaxe":1,"minecraft:stone_pickaxe":1,"vampirism:item_garlic":1}},"DataVersion":3465}