{"stats":{"minecraft:dropped":{"minecraft:glass_bottle":4,"born_in_chaos_v1:corpse_maggot":1,"minecraft:oak_sapling":2},"minecraft:mined":{"minecraft:hay_block":8,"minecraft:fire":2,"realmrpg_skeletons:acrobat_skeleton":1,"minecraft:black_bed":2,"biomesoplenty:high_grass":1,"delightful:mini_melon":2,"biomesoplenty:high_grass_plant":4,"ars_elemental:yellow_archwood_log":42,"delightful:wild_salmonberries":3},"minecraft:used":{"born_in_chaos_v1:mint_ice_cream":3,"ars_elemental:flashpine_pod":3,"minecraft:birch_sapling":2,"minecraft:cookie":3,"minecraft:potion":1,"ars_nouveau:archwood_planks":2,"delightful:mini_melon":1},"minecraft:custom":{"minecraft:time_since_rest":4733,"minecraft:sprint_one_cm":58940,"minecraft:damage_taken":1599,"minecraft:walk_one_cm":58984,"minecraft:drop":7,"minecraft:damage_dealt":56,"minecraft:swim_one_cm":1432,"minecraft:fly_one_cm":119462,"minecraft:open_barrel":1,"minecraft:open_chest":3,"minecraft:crouch_one_cm":869,"minecraft:play_time":19052,"minecraft:deaths":4,"minecraft:sneak_time":348,"minecraft:walk_under_water_one_cm":573,"minecraft:jump":506,"minecraft:damage_dealt_resisted":4,"minecraft:interact_with_brewingstand":1,"minecraft:walk_on_water_one_cm":1225,"minecraft:time_since_death":4704,"minecraft:sleep_in_bed":1,"minecraft:total_world_time":19052,"minecraft:fall_one_cm":16493},"minecraft:crafted":{"ars_nouveau:archwood_planks":28},"minecraft:picked_up":{"born_in_chaos_v1:corpse_maggot":2,"minecraft:stick":5,"minecraft:black_bed":1,"ars_elemental:yellow_archwood_sapling":6,"minecraft:cookie":3,"delightful:salmonberries":3,"ars_elemental:yellow_archwood_log":42,"minecraft:lantern":1,"minecraft:bone":3,"minecraft:sea_pickle":2,"delightful:mini_melon":2,"minecraft:hay_block":8,"minecraft:glass_bottle":4,"minecraft:oak_sapling":2,"delightful:green_tea_leaf":1,"ars_elemental:flashpine_pod":2,"minecraft:birch_sapling":4}},"DataVersion":3465}