{"stats":{"minecraft:mined":{"minecraft:granite":2,"minecraft:emerald_ore":18,"minecraft:grass_block":3,"biomesoplenty:fir_planks":2,"minecraft:cobblestone":5,"minecraft:cyan_bed":7,"ars_nouveau:sourceberry_bush":1,"minecraft:bricks":1,"minecraft:diorite":26,"minecraft:carrots":1,"minecraft:barrel":1,"minecraft:wheat":1,"biomesoplenty:fir_log":117,"biomesoplenty:fir_leaves":5,"minecraft:dirt":2,"minecraft:terracotta":1,"minecraft:stripped_acacia_wood":1,"minecraft:stone":81,"minecraft:stone_bricks":3},"minecraft:picked_up":{"minecraft:fishing_rod":1,"born_in_chaos_v1:corpse_maggot":2,"minecraft:charcoal":16,"minecraft:wheat":1,"minecraft:suspicious_stew":2,"doggytalents:rice_grains":1,"biomesoplenty:fir_sapling":60,"biomesoplenty:fir_log":117,"minecraft:flint":6,"minecraft:oak_log":7,"minecraft:shield":1,"minecraft:dirt":4,"fishofthieves:wildsplash":4,"minecraft:stone_bricks":3,"untamedwilds:material_fat":2,"minecraft:wheat_seeds":4,"biomesoplenty:fir_planks":2,"minecraft:iron_ingot":2,"minecraft:glass_bottle":2,"minecraft:bamboo":12,"delightful:green_tea_leaf":4,"minecraft:iron_sword":1,"minecraft:oak_planks":24,"minecraft:spruce_trapdoor":6,"minecraft:stick":20,"minecraft:cooked_porkchop":1,"minecraft:spruce_fence":2,"minecraft:porkchop":3,"dungeonsweaponry:trickbow":1,"minecraft:diorite":3,"minecraft:carrot":4,"minecraft:cyan_bed":7,"minecraft:prismarine_crystals":2,"minecraft:barrel":1,"fishofthieves:fish_bone":1,"minecraft:spruce_fence_gate":5,"minecraft:stone_sword":1,"minecraft:emerald":17,"minecraft:cobblestone":55},"minecraft:crafted":{"minecraft:cooked_beef":2,"minecraft:wooden_pickaxe":1,"minecraft:iron_sword":1,"minecraft:air":0,"biomesoplenty:fir_planks":320,"minecraft:iron_axe":2,"minecraft:stick":8,"minecraft:iron_pickaxe":1,"minecraft:stone_pickaxe":1},"minecraft:used":{"fishofthieves:stormfish":1,"minecraft:glass_bottle":11,"fishofthieves:splashtail":1,"minecraft:stone_pickaxe":32,"minecraft:oak_planks":5,"minecraft:wooden_pickaxe":3,"minecraft:iron_sword":17,"biomesoplenty:fir_planks":258,"fishofthieves:earthworms":1,"minecraft:tnt":4,"minecraft:carrot":12,"minecraft:apple":2,"minecraft:firework_rocket":2,"fishofthieves:grubs":1,"minecraft:iron_axe":3,"fishofthieves:wildsplash":4,"minecraft:cyan_bed":7,"biomesoplenty:fir_sapling":28,"minecraft:iron_pickaxe":110,"minecraft:suspicious_stew":2,"delightful:green_tea_leaf":4,"minecraft:fire_charge":4,"minecraft:cobblestone":40,"minecraft:potion":12,"minecraft:cooked_porkchop":1,"minecraft:porkchop":3,"untamedwilds:material_fat":2,"alexsmobs:animal_dictionary":2,"minecraft:cooked_beef":2},"minecraft:killed":{"ars_nouveau:starbuncle":1,"minecraft:iron_golem":1,"fishofthieves:wildsplash":2,"born_in_chaos_v1:corpse_fly":1},"minecraft:dropped":{"biomesoplenty:fir_log":37,"minecraft:iron_sword":1,"minecraft:oak_log":7,"minecraft:bowl":2,"minecraft:wheat":1,"fishofthieves:leeches":1,"fishofthieves:fish_bone":1,"biomesoplenty:fir_sapling":32,"dungeonsweaponry:trickbow":1,"minecraft:dirt":2,"minecraft:diorite":3,"minecraft:charcoal":13,"revive_hardcore_players:revive_crystal":2,"fishofthieves:plentifin":1,"minecraft:bamboo":13,"fishofthieves:battlegill":1,"minecraft:iron_axe":1,"minecraft:wooden_pickaxe":1},"minecraft:custom":{"minecraft:interact_with_furnace":1,"minecraft:interact_with_anvil":2,"minecraft:mob_kills":5,"minecraft:traded_with_villager":3,"minecraft:interact_with_crafting_table":10,"minecraft:open_barrel":27,"minecraft:bell_ring":4,"minecraft:interact_with_grindstone":1,"minecraft:leave_game":7,"minecraft:time_since_death":5030,"minecraft:sleep_in_bed":1,"minecraft:climb_one_cm":3412,"minecraft:time_since_rest":5249,"minecraft:sprint_one_cm":120276,"minecraft:damage_taken":1626,"minecraft:walk_one_cm":206098,"minecraft:trigger_trapped_chest":1,"minecraft:drop":20,"vampirism:skills_unlocked":4,"minecraft:damage_dealt":1032,"minecraft:fly_one_cm":298254,"minecraft:swim_one_cm":49992,"minecraft:talked_to_villager":31,"minecraft:open_chest":15,"minecraft:crouch_one_cm":17862,"minecraft:play_time":74963,"minecraft:deaths":3,"minecraft:sneak_time":7758,"minecraft:walk_under_water_one_cm":51538,"minecraft:jump":951,"minecraft:walk_on_water_one_cm":20437,"minecraft:total_world_time":74963,"minecraft:interact_with_smoker":2,"minecraft:fall_one_cm":21207}},"DataVersion":3465}