{"stats":{"minecraft:dropped":{"minecraft:glass_bottle":5,"born_in_chaos_v1:corpse_maggot":1,"minecraft:oak_sapling":2},"minecraft:mined":{"minecraft:hay_block":8,"ars_nouveau:archwood_planks":2,"minecraft:fire":2,"betterarcheology:growth_totem":1,"realmrpg_skeletons:acrobat_skeleton":1,"minecraft:black_bed":2,"minecraft:decorated_pot":3,"biomesoplenty:high_grass":1,"delightful:mini_melon":2,"biomesoplenty:high_grass_plant":4,"ars_elemental:yellow_archwood_log":42,"delightful:wild_salmonberries":3},"minecraft:used":{"born_in_chaos_v1:mint_ice_cream":3,"minecraft:apple":5,"ars_elemental:flashpine_pod":3,"minecraft:bread":1,"minecraft:glass_bottle":14,"minecraft:melon_slice":2,"minecraft:birch_sapling":2,"born_in_chaos_v1:intoxicating_decoction":1,"minecraft:decorated_pot":1,"cataclysm:coral_bardiche":7,"minecraft:cookie":3,"minecraft:glow_berries":1,"minecraft:potion":16,"ars_nouveau:archwood_planks":3,"betterarcheology:growth_totem":1,"delightful:mini_melon":1},"minecraft:custom":{"minecraft:time_since_rest":16733,"minecraft:waystone_activated":1,"minecraft:sprint_one_cm":76946,"minecraft:damage_taken":1739,"minecraft:walk_one_cm":106837,"minecraft:drop":8,"minecraft:damage_dealt":326,"minecraft:swim_one_cm":18825,"minecraft:fly_one_cm":138871,"minecraft:open_barrel":2,"minecraft:open_chest":24,"minecraft:crouch_one_cm":1666,"minecraft:play_time":31052,"minecraft:deaths":4,"minecraft:sneak_time":608,"minecraft:walk_under_water_one_cm":4553,"minecraft:jump":664,"minecraft:damage_dealt_resisted":4,"minecraft:interact_with_brewingstand":1,"minecraft:walk_on_water_one_cm":6992,"minecraft:time_since_death":16704,"minecraft:sleep_in_bed":1,"minecraft:total_world_time":31052,"minecraft:fall_one_cm":21077},"minecraft:crafted":{"ars_nouveau:archwood_planks":28},"minecraft:picked_up":{"born_in_chaos_v1:corpse_maggot":2,"minecraft:stick":5,"minecraft:black_bed":1,"cataclysm:coral_bardiche":1,"ars_elemental:yellow_archwood_sapling":6,"minecraft:cookie":3,"delightful:salmonberries":3,"ars_elemental:yellow_archwood_log":42,"ars_nouveau:archwood_planks":2,"minecraft:lantern":1,"minecraft:bone":3,"minecraft:sea_pickle":2,"minecraft:decorated_pot":1,"delightful:mini_melon":2,"betterarcheology:growth_totem":1,"minecraft:hay_block":8,"minecraft:glass_bottle":4,"minecraft:oak_sapling":2,"delightful:green_tea_leaf":1,"ars_elemental:flashpine_pod":2,"minecraft:birch_sapling":4}},"DataVersion":3465}