{"stats":{"minecraft:killed":{"born_in_chaos_v1:restless_spirit":1,"minecraft:cod":1,"minecraft:pufferfish":1,"fishofthieves:wildsplash":2,"werewolves:werewolf_beast":3,"born_in_chaos_v1:corpse_fish":1,"mythicmounts:geckotoalizard":1,"fishofthieves:splashtail":1,"minecraft:pig":7,"alexsmobs:grizzly_bear":1,"ars_nouveau:drygmy":1,"born_in_chaos_v1:baby_skeleton":2,"ars_nouveau:starbuncle":1,"born_in_chaos_v1:glutton_fish":1,"minecraft:iron_golem":1,"born_in_chaos_v1:decrepit_skeleton":1,"vampirism:hunter":2,"minecraft:sheep":3,"born_in_chaos_v1:corpse_fly":4,"minecraft:villager":7,"werewolves:werewolf_survivalist":1,"minecraft:cow":12},"minecraft:mined":{"minecraft:deepslate_diamond_ore":4,"minecraft:obsidian":2,"minecraft:granite":2,"minecraft:grass_block":6,"minecraft:spruce_fence":1,"ars_nouveau:sourceberry_bush":1,"minecraft:carrots":1,"minecraft:barrel":1,"minecraft:fire":3,"deep_dark_regrowth:sculk_biter_on":1,"werewolves:stone_altar_fire_bowl":1,"minecraft:lantern":1,"minecraft:stripped_oak_log":1,"minecraft:azalea":1,"minecraft:stone":82,"minecraft:white_wool":1,"minecraft:deepslate_redstone_ore":2,"minecraft:flowering_azalea":1,"deep_dark_regrowth:sculk_ribs":1,"minecraft:brown_stained_glass_pane":1,"werewolves:stone_altar":3,"minecraft:crafting_table":1,"minecraft:torch":3,"minecraft:emerald_ore":19,"biomesoplenty:fir_planks":8,"minecraft:tall_grass":7,"minecraft:cobblestone":5,"minecraft:deepslate_gold_ore":15,"minecraft:cyan_bed":7,"minecraft:bricks":1,"minecraft:oak_planks":1,"ars_elemental:yellow_archwood_log":46,"minecraft:sculk":7,"minecraft:diorite":26,"minecraft:wall_torch":2,"minecraft:cobblestone_wall":1,"minecraft:wheat":1,"biomesoplenty:fir_log":117,"minecraft:grass":7,"minecraft:oak_log":1,"biomesoplenty:fir_leaves":5,"minecraft:dirt":3,"minecraft:cracked_stone_bricks":1,"minecraft:terracotta":1,"minecraft:stone_bricks":3,"minecraft:stripped_acacia_wood":1,"minecraft:deepslate":18,"paraglider:goddess_statue":1},"minecraft:custom":{"minecraft:interact_with_anvil":2,"minecraft:mob_kills":55,"minecraft:interact_with_crafting_table":17,"minecraft:open_barrel":35,"minecraft:bell_ring":4,"minecraft:damage_dealt_resisted":144,"minecraft:leave_game":35,"werewolves:action_used_human_form":4,"minecraft:time_since_death":63989,"minecraft:climb_one_cm":28884,"minecraft:sprint_one_cm":448946,"minecraft:walk_one_cm":658130,"minecraft:damage_blocked_by_shield":1455,"minecraft:drop":97,"vampirism:interact_with_totem":1,"vampirism:skills_unlocked":13,"minecraft:talked_to_villager":41,"minecraft:play_time":249187,"minecraft:deaths":11,"minecraft:sneak_time":16164,"minecraft:walk_under_water_one_cm":107404,"minecraft:jump":3324,"minecraft:interact_with_brewingstand":2,"minecraft:interact_with_blast_furnace":1,"minecraft:walk_on_water_one_cm":65320,"minecraft:total_world_time":249187,"vampirism:blood_drunk":600,"minecraft:interact_with_furnace":15,"minecraft:traded_with_villager":3,"werewolves:action_time_human_form":2439,"minecraft:interact_with_loom":1,"minecraft:interact_with_grindstone":1,"minecraft:sleep_in_bed":4,"vampirism:actions_used":4,"minecraft:time_since_rest":49988,"minecraft:waystone_activated":2,"minecraft:damage_taken":8341,"minecraft:trigger_trapped_chest":1,"minecraft:damage_dealt":10498,"minecraft:swim_one_cm":131292,"minecraft:fly_one_cm":1068415,"minecraft:open_chest":79,"minecraft:crouch_one_cm":28735,"minecraft:interact_with_smoker":9,"minecraft:fish_caught":2,"minecraft:fall_one_cm":68713},"minecraft:picked_up":{"minecraft:fishing_rod":2,"minecraft:charcoal":16,"minecraft:crafting_table":1,"minecraft:wheat":3,"minecraft:suspicious_stew":2,"minecraft:brown_mushroom":64,"minecraft:potion":4,"minecraft:shield":1,"paraglider:goddess_statue":1,"minecraft:iron_axe":1,"minecraft:flint_and_steel":1,"minecraft:pufferfish":1,"minecraft:cracked_stone_bricks":1,"biomesoplenty:fir_planks":8,"minecraft:beef":19,"minecraft:rose_bush":2,"minecraft:poppy":2,"delightful:green_tea_leaf":4,"minecraft:spruce_trapdoor":6,"minecraft:stick":21,"minecraft:torch":10,"werewolves:liver":9,"minecraft:spruce_fence":2,"minecraft:porkchop":19,"minecraft:diorite":3,"born_in_chaos_v1:nightmare_claw":1,"minecraft:carrot":4,"minecraft:redstone":8,"minecraft:prismarine_crystals":2,"werewolves:pelt_helmet":1,"minecraft:stone_sword":1,"minecraft:rotten_flesh":2,"minecraft:cooked_cod":4,"born_in_chaos_v1:sea_terror_eye":2,"ars_nouveau:worn_notebook":1,"born_in_chaos_v1:spiny_shell":1,"evilcraft:condensed_blood":1,"minecraft:obsidian":2,"minecraft:cod":2,"minecraft:white_wool":4,"minecraft:cobblestone":80,"minecraft:stripped_oak_log":2,"born_in_chaos_v1:corpse_maggot":5,"minecraft:glow_ink_sac":1,"minecraft:leather":11,"biomesoplenty:fir_log":117,"biomesoplenty:fir_sapling":60,"doggytalents:rice_grains":3,"alexsmobs:bear_fur":2,"minecraft:flint":6,"evilcraft:flesh_humanoid":2,"minecraft:oak_log":8,"minecraft:dirt":7,"fishofthieves:wildsplash":4,"vampirism:human_heart":1,"minecraft:stone_bricks":4,"untamedwilds:material_fat":2,"minecraft:wheat_seeds":10,"minecraft:raw_gold":15,"vampirism:item_garlic":1,"minecraft:iron_ingot":6,"minecraft:cooked_chicken":9,"fishofthieves:earthworms":1,"minecraft:glass_bottle":7,"minecraft:bamboo":12,"minecraft:oak_planks":24,"minecraft:iron_sword":4,"werewolves:stone_altar":3,"minecraft:cooked_porkchop":7,"vampirism:ring":1,"dungeonsweaponry:trickbow":1,"minecraft:cyan_bed":7,"minecraft:barrel":1,"fishofthieves:fish_bone":1,"travelersbackpack:standard":1,"fishofthieves:splashtail":4,"minecraft:spruce_fence_gate":5,"minecraft:slime_ball":2,"minecraft:diamond":4,"fishofthieves:cooked_splashtail":4,"minecraft:emerald":17,"werewolves:cracked_bone":9,"born_in_chaos_v1:rotten_fish":16,"born_in_chaos_v1:sea_terror_stomach":1},"minecraft:crafted":{"minecraft:oak_planks":4,"minecraft:stone":12,"minecraft:cooked_mutton":2,"minecraft:iron_axe":2,"minecraft:stone_pickaxe":1,"minecraft:cooked_beef":16,"minecraft:cooked_cod":1,"minecraft:arrow":20,"minecraft:crafting_table":1,"farmersdelight:flint_knife":1,"minecraft:wooden_pickaxe":1,"minecraft:iron_sword":1,"minecraft:air":0,"biomesoplenty:fir_planks":320,"minecraft:diamond_pickaxe":1,"minecraft:stick":8,"minecraft:iron_pickaxe":1},"minecraft:dropped":{"biomesoplenty:fir_log":37,"minecraft:iron_ingot":1,"minecraft:iron_sword":2,"minecraft:wheat_seeds":10,"minecraft:oak_log":7,"minecraft:glow_ink_sac":1,"minecraft:glass_bottle":7,"minecraft:diamond":2,"evilcraft:condensed_blood":10,"minecraft:cobblestone":8,"minecraft:prismarine_crystals":2,"born_in_chaos_v1:sea_terror_eye":1,"biomesoplenty:fir_sapling":32,"dungeonsweaponry:trickbow":1,"minecraft:dirt":6,"ars_nouveau:worn_notebook":1,"minecraft:diorite":3,"werewolves:cracked_bone":1,"fishofthieves:plentifin":1,"revive_hardcore_players:revive_crystal":2,"minecraft:rose_bush":1,"minecraft:potion":1,"werewolves:liver":2,"minecraft:gold_nugget":12,"minecraft:iron_axe":2,"minecraft:fishing_rod":1,"minecraft:white_wool":3,"minecraft:redstone":8,"minecraft:bowl":2,"minecraft:wheat":3,"born_in_chaos_v1:rotten_fish":12,"fishofthieves:leeches":1,"minecraft:rotten_flesh":2,"minecraft:stripped_oak_log":1,"fishofthieves:fish_bone":1,"evilcraft:flesh_humanoid":1,"minecraft:flint_and_steel":1,"minecraft:poppy":2,"minecraft:filled_map":1,"minecraft:stone":2,"minecraft:charcoal":13,"born_in_chaos_v1:spiny_shell":1,"born_in_chaos_v1:corpse_maggot":2,"minecraft:bamboo":13,"fishofthieves:battlegill":1,"doggytalents:rice_grains":3,"minecraft:slime_ball":2,"minecraft:wooden_pickaxe":1,"minecraft:stone_pickaxe":1,"vampirism:item_garlic":1},"minecraft:used":{"fishofthieves:stormfish":1,"minecraft:flint_and_steel":5,"minecraft:shield":28,"minecraft:iron_sword":135,"minecraft:stone":10,"minecraft:cooked_chicken":9,"minecraft:torch":9,"fishofthieves:earthworms":2,"minecraft:chainmail_chestplate":1,"minecraft:carrot":12,"farmersdelight:bacon":3,"minecraft:obsidian":3,"born_in_chaos_v1:sea_terror_eye":1,"werewolves:stone_altar":3,"biomesoplenty:fir_sapling":28,"minecraft:iron_axe":27,"delightful:green_tea_leaf":4,"minecraft:golden_carrot":1,"minecraft:beef":1,"minecraft:cooked_cod":5,"untamedwilds:material_fat":2,"minecraft:cooked_beef":16,"minecraft:iron_leggings":1,"minecraft:cooked_mutton":2,"minecraft:stone_pickaxe":33,"dungeonsweaponry:trickbow":8,"minecraft:glass_bottle":144,"fishofthieves:splashtail":1,"minecraft:oak_planks":5,"minecraft:wooden_pickaxe":3,"biomesoplenty:fir_planks":321,"minecraft:white_wool":1,"minecraft:tnt":4,"minecraft:crafting_table":1,"minecraft:cod":2,"fishofthieves:cooked_splashtail":4,"minecraft:diamond_pickaxe":8,"minecraft:apple":2,"minecraft:firework_rocket":3,"fishofthieves:grubs":1,"fishofthieves:wildsplash":4,"minecraft:cyan_bed":7,"minecraft:iron_pickaxe":163,"minecraft:suspicious_stew":2,"werewolves:liver":1,"minecraft:fishing_rod":14,"born_in_chaos_v1:rotten_fish":4,"minecraft:diamond_sword":7,"minecraft:fire_charge":4,"minecraft:potion":144,"minecraft:cobblestone":62,"travelersbackpack:standard":2,"minecraft:porkchop":4,"minecraft:cooked_porkchop":14,"alexsmobs:animal_dictionary":2,"minecraft:stripped_oak_log":1,"minecraft:air":18}},"DataVersion":3465}