{"stats":{"minecraft:dropped":{"minecraft:glass_bottle":3,"born_in_chaos_v1:corpse_maggot":1,"minecraft:oak_sapling":2},"minecraft:mined":{"minecraft:black_bed":1},"minecraft:custom":{"minecraft:time_since_rest":1612,"minecraft:crouch_one_cm":129,"minecraft:play_time":7052,"minecraft:sprint_one_cm":18366,"minecraft:walk_one_cm":23973,"minecraft:damage_taken":889,"minecraft:deaths":2,"minecraft:sneak_time":97,"minecraft:drop":6,"minecraft:jump":139,"minecraft:damage_dealt":6,"minecraft:time_since_death":1589,"minecraft:walk_on_water_one_cm":533,"minecraft:sleep_in_bed":1,"minecraft:total_world_time":7052,"minecraft:fall_one_cm":7242,"minecraft:fly_one_cm":33111},"minecraft:picked_up":{"born_in_chaos_v1:corpse_maggot":2,"minecraft:bone":1,"minecraft:glass_bottle":3,"minecraft:oak_sapling":2}},"DataVersion":3465}