{"stats":{"minecraft:killed":{"ars_nouveau:starbuncle":1,"minecraft:iron_golem":1,"minecraft:cod":1,"minecraft:pufferfish":1,"vampirism:hunter":1,"fishofthieves:wildsplash":2,"born_in_chaos_v1:corpse_fly":1,"mythicmounts:geckotoalizard":1,"fishofthieves:splashtail":1},"minecraft:used":{"fishofthieves:stormfish":1,"minecraft:glass_bottle":25,"fishofthieves:splashtail":1,"minecraft:stone_pickaxe":33,"minecraft:oak_planks":5,"minecraft:wooden_pickaxe":3,"minecraft:iron_sword":31,"biomesoplenty:fir_planks":258,"minecraft:cooked_chicken":9,"fishofthieves:earthworms":1,"minecraft:tnt":4,"minecraft:carrot":12,"fishofthieves:cooked_splashtail":2,"minecraft:apple":2,"minecraft:firework_rocket":3,"fishofthieves:grubs":1,"minecraft:iron_axe":10,"fishofthieves:wildsplash":4,"minecraft:cyan_bed":7,"biomesoplenty:fir_sapling":28,"minecraft:iron_pickaxe":111,"minecraft:suspicious_stew":2,"delightful:green_tea_leaf":4,"minecraft:fishing_rod":14,"minecraft:fire_charge":4,"minecraft:cobblestone":40,"minecraft:potion":25,"minecraft:cooked_porkchop":1,"minecraft:porkchop":3,"minecraft:cooked_cod":4,"untamedwilds:material_fat":2,"alexsmobs:animal_dictionary":2,"minecraft:cooked_beef":2},"minecraft:picked_up":{"minecraft:fishing_rod":2,"born_in_chaos_v1:corpse_maggot":2,"minecraft:charcoal":16,"minecraft:wheat":1,"minecraft:suspicious_stew":2,"minecraft:leather":2,"doggytalents:rice_grains":1,"biomesoplenty:fir_sapling":60,"biomesoplenty:fir_log":117,"minecraft:flint":6,"minecraft:oak_log":7,"evilcraft:flesh_humanoid":1,"minecraft:shield":1,"minecraft:iron_axe":1,"minecraft:dirt":5,"fishofthieves:wildsplash":4,"minecraft:pufferfish":1,"minecraft:stone_bricks":3,"untamedwilds:material_fat":2,"minecraft:wheat_seeds":4,"biomesoplenty:fir_planks":2,"vampirism:item_garlic":1,"minecraft:iron_ingot":2,"minecraft:cooked_chicken":9,"minecraft:glass_bottle":2,"minecraft:bamboo":12,"delightful:green_tea_leaf":4,"minecraft:oak_planks":24,"minecraft:iron_sword":2,"minecraft:spruce_trapdoor":6,"minecraft:stick":21,"minecraft:cooked_porkchop":1,"minecraft:torch":5,"vampirism:ring":1,"werewolves:liver":1,"minecraft:spruce_fence":2,"minecraft:porkchop":3,"dungeonsweaponry:trickbow":1,"minecraft:carrot":4,"minecraft:diorite":3,"born_in_chaos_v1:nightmare_claw":1,"minecraft:cyan_bed":7,"minecraft:prismarine_crystals":2,"minecraft:barrel":1,"fishofthieves:fish_bone":1,"fishofthieves:splashtail":4,"minecraft:spruce_fence_gate":5,"minecraft:stone_sword":1,"minecraft:cooked_cod":4,"ars_nouveau:worn_notebook":1,"fishofthieves:cooked_splashtail":4,"minecraft:emerald":17,"born_in_chaos_v1:rotten_fish":2,"minecraft:cobblestone":59},"minecraft:mined":{"minecraft:granite":2,"minecraft:emerald_ore":19,"minecraft:grass_block":3,"biomesoplenty:fir_planks":2,"minecraft:cobblestone":5,"ars_elemental:yellow_archwood_log":46,"minecraft:cyan_bed":7,"ars_nouveau:sourceberry_bush":1,"minecraft:bricks":1,"minecraft:diorite":26,"minecraft:carrots":1,"minecraft:barrel":1,"minecraft:wheat":1,"biomesoplenty:fir_log":117,"biomesoplenty:fir_leaves":5,"minecraft:dirt":2,"minecraft:terracotta":1,"minecraft:stripped_acacia_wood":1,"minecraft:stone":81,"minecraft:stone_bricks":3},"minecraft:custom":{"minecraft:interact_with_furnace":9,"minecraft:interact_with_anvil":2,"minecraft:mob_kills":10,"minecraft:traded_with_villager":3,"minecraft:interact_with_crafting_table":12,"minecraft:open_barrel":27,"minecraft:bell_ring":4,"minecraft:damage_dealt_resisted":111,"minecraft:interact_with_grindstone":1,"minecraft:leave_game":11,"minecraft:time_since_death":0,"minecraft:sleep_in_bed":1,"minecraft:climb_one_cm":4726,"minecraft:time_since_rest":0,"minecraft:sprint_one_cm":178467,"minecraft:damage_taken":3322,"minecraft:walk_one_cm":289873,"minecraft:trigger_trapped_chest":1,"minecraft:drop":36,"vampirism:skills_unlocked":5,"minecraft:damage_dealt":2702,"minecraft:fly_one_cm":435404,"minecraft:swim_one_cm":76044,"minecraft:talked_to_villager":31,"minecraft:open_chest":15,"minecraft:crouch_one_cm":18541,"minecraft:play_time":106840,"minecraft:deaths":5,"minecraft:sneak_time":8699,"minecraft:walk_under_water_one_cm":68976,"minecraft:jump":1368,"minecraft:walk_on_water_one_cm":31574,"minecraft:total_world_time":106840,"minecraft:interact_with_smoker":2,"minecraft:fish_caught":2,"minecraft:fall_one_cm":27357},"minecraft:crafted":{"minecraft:cooked_beef":2,"minecraft:cooked_cod":1,"minecraft:wooden_pickaxe":1,"minecraft:iron_sword":1,"minecraft:stone":12,"minecraft:air":0,"biomesoplenty:fir_planks":320,"minecraft:iron_axe":2,"minecraft:stick":8,"minecraft:iron_pickaxe":1,"minecraft:stone_pickaxe":1},"minecraft:dropped":{"biomesoplenty:fir_log":37,"minecraft:iron_ingot":1,"minecraft:iron_sword":2,"minecraft:wheat_seeds":4,"minecraft:oak_log":7,"minecraft:bowl":2,"minecraft:wheat":1,"fishofthieves:leeches":1,"minecraft:prismarine_crystals":2,"minecraft:cobblestone":8,"fishofthieves:fish_bone":1,"evilcraft:flesh_humanoid":1,"biomesoplenty:fir_sapling":32,"dungeonsweaponry:trickbow":1,"minecraft:filled_map":1,"minecraft:dirt":4,"ars_nouveau:worn_notebook":1,"minecraft:diorite":3,"fishofthieves:plentifin":1,"minecraft:charcoal":13,"revive_hardcore_players:revive_crystal":2,"minecraft:iron_axe":2,"doggytalents:rice_grains":1,"minecraft:bamboo":13,"fishofthieves:battlegill":1,"minecraft:wooden_pickaxe":1,"minecraft:fishing_rod":1,"vampirism:item_garlic":1}},"DataVersion":3465}