{"stats":{"minecraft:mined":{"minecraft:brewing_stand":1,"minecraft:grass_block":3,"ars_nouveau:sourceberry_bush":11,"minecraft:hay_block":2,"minecraft:tall_seagrass":1,"minecraft:furnace":1,"minecraft:iron_ore":1,"minecraft:lantern":1,"minecraft:stone":246,"minecraft:smoker":4,"minecraft:crafting_table":3,"minecraft:emerald_ore":40,"biomesoplenty:fir_planks":1,"minecraft:rose_bush":1,"minecraft:cobblestone":3,"fishofthieves:fish_bone":1,"minecraft:grindstone":17,"minecraft:diorite":21,"minecraft:spruce_log":6,"minecraft:tnt":1,"biomesoplenty:fir_log":74,"minecraft:grass":2,"minecraft:coal_ore":5,"minecraft:dirt":1,"minecraft:sand":3,"minecraft:gravel":4,"minecraft:terracotta":2,"minecraft:chipped_anvil":4,"minecraft:fern":1},"minecraft:picked_up":{"minecraft:crafting_table":3,"minecraft:wheat":1,"minecraft:suspicious_stew":1,"minecraft:shield":1,"minecraft:iron_axe":1,"biomesoplenty:fir_planks":1,"minecraft:rose_bush":1,"minecraft:poppy":2,"delightful:green_tea_leaf":1,"minecraft:furnace":1,"minecraft:stick":17,"minecraft:raw_iron":1,"minecraft:diorite":16,"minecraft:tnt":1,"minecraft:rotten_flesh":2,"minecraft:hay_block":2,"ars_nouveau:sourceberry_bush":31,"minecraft:cobblestone":245,"minecraft:salmon":1,"minecraft:smoker":4,"biomesoplenty:fir_sapling":18,"doggytalents:rice_grains":1,"biomesoplenty:fir_log":111,"minecraft:oak_log":7,"minecraft:dirt":4,"minecraft:lantern":1,"minecraft:bone":2,"minecraft:chipped_anvil":4,"untamedwilds:material_fat":3,"minecraft:wheat_seeds":3,"minecraft:iron_ingot":3,"minecraft:grindstone":17,"fishofthieves:earthworms":1,"minecraft:glass_bottle":1,"minecraft:bamboo":7,"minecraft:iron_sword":1,"minecraft:gravel":3,"minecraft:sand":3,"minecraft:spruce_sapling":5,"dungeonsweaponry:trickbow":1,"minecraft:spruce_log":2,"fishofthieves:fish_bone":1,"born_in_chaos_v1:fire_dust":1,"fishofthieves:leeches":1,"minecraft:emerald":40,"fishofthieves:plentifin":1,"minecraft:terracotta":2,"minecraft:bricks":1,"minecraft:coal":5},"minecraft:crafted":{"minecraft:oak_planks":7,"minecraft:rabbit_stew":10,"minecraft:cooked_chicken":24,"minecraft:furnace":1,"minecraft:glass":3,"minecraft:stone_pickaxe":2,"minecraft:cooked_beef":1,"minecraft:glass_bottle":3,"minecraft:cooked_porkchop":3,"minecraft:crafting_table":7,"minecraft:spruce_planks":2,"minecraft:wooden_pickaxe":1,"minecraft:iron_sword":3,"minecraft:stone_axe":1,"minecraft:bread":2,"minecraft:air":495,"biomesoplenty:fir_planks":111,"minecraft:shield":2,"minecraft:stick":2,"minecraft:iron_ingot":1,"minecraft:iron_pickaxe":1,"minecraft:wooden_axe":1,"minecraft:stone_sword":2,"minecraft:gold_ingot":1},"minecraft:used":{"fishofthieves:leeches":2,"minecraft:stone_sword":16,"minecraft:rotten_flesh":2,"minecraft:dirt":4,"minecraft:wooden_axe":7,"minecraft:chipped_anvil":2,"minecraft:bricks":1,"minecraft:lantern":1,"minecraft:rabbit_stew":5,"delightful:green_tea_leaf":1,"minecraft:hay_block":2,"minecraft:furnace":1,"ars_nouveau:sourceberry_bush":3,"untamedwilds:material_fat":1,"minecraft:cooked_beef":1,"minecraft:diorite":13,"minecraft:glass_bottle":15,"minecraft:stone_pickaxe":94,"minecraft:wooden_pickaxe":5,"biomesoplenty:fir_planks":407,"fishofthieves:plentifin":1,"minecraft:salmon":1,"minecraft:terracotta":1,"minecraft:tnt":1,"minecraft:crafting_table":10,"minecraft:smoker":4,"minecraft:bread":2,"minecraft:iron_pickaxe":251,"minecraft:stone_axe":5,"minecraft:cobblestone":31,"minecraft:potion":14,"minecraft:cooked_porkchop":2,"minecraft:grindstone":17},"minecraft:killed":{"minecraft:drowned":1,"born_in_chaos_v1:firelight_not_despawn":1,"minecraft:salmon":1,"minecraft:zombie":1},"minecraft:broken":{"minecraft:iron_pickaxe":1},"minecraft:dropped":{"minecraft:iron_ingot":2,"minecraft:iron_sword":1,"minecraft:wheat_seeds":3,"minecraft:glass_bottle":2,"untamedwilds:material_fat":2,"minecraft:cooked_porkchop":1,"minecraft:cobblestone":5,"biomesoplenty:fir_sapling":18,"dungeonsweaponry:trickbow":1,"minecraft:diorite":3,"minecraft:wooden_axe":1,"minecraft:rose_bush":1,"minecraft:gold_nugget":1,"minecraft:spruce_sapling":5,"minecraft:gravel":2,"minecraft:stone_axe":1,"minecraft:iron_nugget":8,"minecraft:stone_sword":2,"minecraft:wheat":3,"fishofthieves:leeches":1,"minecraft:oak_planks":24,"fishofthieves:fish_bone":1,"minecraft:suspicious_stew":1,"ars_nouveau:sourceberry_bush":28,"minecraft:poppy":2,"minecraft:shield":2,"minecraft:bamboo":7,"doggytalents:rice_grains":1,"minecraft:stone_pickaxe":1,"minecraft:wooden_pickaxe":1,"minecraft:terracotta":1},"minecraft:custom":{"minecraft:mob_kills":4,"minecraft:interact_with_anvil":5,"minecraft:interact_with_crafting_table":16,"minecraft:open_barrel":17,"minecraft:leave_game":4,"minecraft:time_since_death":82992,"minecraft:climb_one_cm":1496,"minecraft:damage_resisted":20,"minecraft:sprint_one_cm":71137,"minecraft:walk_one_cm":177931,"minecraft:drop":56,"vampirism:skills_unlocked":2,"minecraft:talked_to_villager":43,"minecraft:play_time":102893,"minecraft:deaths":2,"minecraft:sneak_time":8638,"minecraft:walk_under_water_one_cm":25845,"minecraft:jump":1039,"minecraft:walk_on_water_one_cm":19350,"minecraft:total_world_time":102893,"minecraft:interact_with_furnace":3,"minecraft:traded_with_villager":16,"minecraft:interact_with_grindstone":1,"minecraft:sleep_in_bed":4,"minecraft:time_since_rest":37459,"minecraft:damage_taken":885,"minecraft:damage_dealt":1090,"minecraft:swim_one_cm":66173,"minecraft:fly_one_cm":130641,"minecraft:open_chest":14,"minecraft:crouch_one_cm":19371,"minecraft:interact_with_smoker":4,"minecraft:fall_one_cm":13349}},"DataVersion":3465}