{"stats":{"minecraft:used":{"minecraft:shield":17,"minecraft:iron_sword":237,"minecraft:rotten_flesh":2,"minecraft:bricks":1,"werewolves:stone_altar":1,"minecraft:lantern":1,"minecraft:stone_bricks":22,"delightful:green_tea_leaf":1,"minecraft:rabbit_stew":6,"minecraft:hay_block":2,"minecraft:furnace":10,"ars_nouveau:sourceberry_bush":3,"untamedwilds:material_fat":2,"minecraft:mossy_stone_bricks":1,"minecraft:diorite":13,"minecraft:stone_pickaxe":207,"minecraft:oak_planks":1,"minecraft:wooden_pickaxe":5,"biomesoplenty:fir_planks":407,"fishofthieves:plentifin":1,"ars_nouveau:archwood_planks":44,"ars_elemental:flashpine_pod":1,"minecraft:bread":2,"werewolves:stone_altar_fire_bowl":4,"minecraft:iron_door":1,"minecraft:diamond_sword":160,"minecraft:fire_charge":5,"minecraft:grindstone":17,"minecraft:air":2,"fishofthieves:leeches":2,"minecraft:stone_sword":16,"minecraft:cooked_salmon":6,"minecraft:cooked_chicken":15,"minecraft:torch":78,"minecraft:dirt":4,"minecraft:wooden_axe":7,"minecraft:chipped_anvil":4,"minecraft:iron_axe":14,"minecraft:cooked_beef":10,"minecraft:cobbled_deepslate":25,"alexsdelight:cooked_bison":5,"minecraft:water_bucket":6,"minecraft:glass_bottle":109,"minecraft:salmon":1,"minecraft:terracotta":1,"minecraft:rail":1,"minecraft:tnt":1,"minecraft:crafting_table":15,"minecraft:smoker":6,"minecraft:diamond_pickaxe":14,"minecraft:iron_pickaxe":374,"minecraft:stone_axe":5,"minecraft:fishing_rod":16,"minecraft:cobblestone":111,"minecraft:potion":109,"minecraft:cooked_porkchop":5,"minecraft:bucket":7},"minecraft:killed":{"vampirism:vampire":1,"minecraft:spider":1,"minecraft:cod":5,"minecraft:pufferfish":3,"werewolves:werewolf_beast":2,"vampirism:task_master_hunter":1,"vampirism:advanced_hunter":1,"born_in_chaos_v1:firelight_not_despawn":1,"fishofthieves:splashtail":3,"minecraft:zombie_villager":4,"born_in_chaos_v1:diamond_termite":9,"minecraft:salmon":7,"untamedwilds:boar":2,"minecraft:iron_golem":1,"minecraft:creeper":3,"vampirism:hunter":22,"untamedwilds:tortoise":1,"minecraft:zombie":5,"minecraft:mooshroom":1,"born_in_chaos_v1:corpse_fly":1,"untamedwilds:bison":2,"minecraft:cow":1,"born_in_chaos_v1:maggot":7,"alexsmobs:bison":1,"minecraft:drowned":1,"born_in_chaos_v1:corpse_fish":7,"minecraft:husk":1,"ars_nouveau:drygmy":1,"born_in_chaos_v1:baby_skeleton":2,"untamedwilds:king_crab":1,"born_in_chaos_v1:decrepit_skeleton":1,"born_in_chaos_v1:nightmare_stalker":2,"minecraft:villager":8},"minecraft:broken":{"minecraft:stone_pickaxe":1,"minecraft:iron_pickaxe":1},"minecraft:picked_up":{"minecraft:wheat":3,"minecraft:anvil":1,"minecraft:suspicious_stew":1,"minecraft:potion":1,"minecraft:string":6,"minecraft:pufferfish":1,"minecraft:cobbled_deepslate":52,"biomesoplenty:fir_planks":1,"minecraft:rose_bush":1,"werewolves:pelt":1,"delightful:green_tea_leaf":1,"ars_elemental:flashpine_pod":1,"minecraft:furnace":5,"minecraft:stick":29,"minecraft:torch":36,"werewolves:liver":14,"minecraft:porkchop":3,"minecraft:diorite":16,"born_in_chaos_v1:nightmare_claw":1,"minecraft:rotten_flesh":11,"alexsdelight:raw_bison":5,"ars_nouveau:sourceberry_bush":31,"minecraft:cod":5,"minecraft:cobblestone":320,"minecraft:iron_door":1,"minecraft:black_bed":1,"minecraft:smoker":6,"biomesoplenty:fir_log":111,"biomesoplenty:fir_sapling":18,"alexsmobs:bison_fur":2,"paraglider:spirit_orb":2,"evilcraft:flesh_humanoid":1,"minecraft:lantern":1,"minecraft:dirt":5,"untamedwilds:food_turtle_raw":1,"born_in_chaos_v1:monster_skin":7,"minecraft:bone":14,"minecraft:chipped_anvil":4,"minecraft:wheat_seeds":8,"minecraft:raw_gold":15,"vampirism:item_garlic":1,"minecraft:grindstone":17,"fishofthieves:earthworms":1,"minecraft:mossy_stone_bricks":1,"minecraft:bamboo":7,"minecraft:oak_planks":5,"vampirism:ring":1,"minecraft:sand":3,"dungeonsweaponry:trickbow":1,"minecraft:mossy_cobblestone":1,"fishofthieves:splashtail":8,"born_in_chaos_v1:fire_dust":1,"minecraft:diamond":5,"minecraft:bone_meal":2,"fishofthieves:leeches":1,"minecraft:emerald":56,"werewolves:cracked_bone":1,"born_in_chaos_v1:rotten_fish":4,"minecraft:bricks":1,"ars_nouveau:red_archwood_log":66,"minecraft:fishing_rod":1,"minecraft:crafting_table":5,"born_in_chaos_v1:diamond_termite_shard":9,"minecraft:shield":1,"ars_nouveau:archwood_planks":168,"minecraft:iron_axe":1,"minecraft:beef":4,"minecraft:poppy":2,"minecraft:raw_iron":7,"farmersdelight:minced_beef":6,"minecraft:stone_button":2,"born_in_chaos_v1:pieceofdarkmetal":1,"minecraft:tnt":1,"minecraft:hay_block":2,"minecraft:rail":13,"born_in_chaos_v1:corpse_maggot":7,"minecraft:salmon":11,"minecraft:leather":8,"doggytalents:rice_grains":2,"minecraft:filled_map":1,"minecraft:oak_log":7,"minecraft:gunpowder":1,"vampirism:human_heart":16,"minecraft:stone_bricks":2,"untamedwilds:material_fat":12,"minecraft:iron_ingot":7,"minecraft:glass_bottle":1,"minecraft:iron_sword":2,"minecraft:flowering_azalea":1,"born_in_chaos_v1:ethereal_spirit":1,"minecraft:gravel":6,"minecraft:spruce_sapling":5,"alexsmobs:lava_bottle":2,"minecraft:spruce_log":2,"fishofthieves:fish_bone":1,"minecraft:terracotta":2,"fishofthieves:plentifin":1,"minecraft:coal":40},"minecraft:custom":{"minecraft:interact_with_crafting_table":37,"minecraft:open_barrel":49,"goblintraders:trade_with_goblin":4,"minecraft:leave_game":21,"minecraft:time_since_death":0,"minecraft:damage_resisted":20,"minecraft:sprint_one_cm":341764,"minecraft:damage_blocked_by_shield":1335,"minecraft:drop":128,"vampirism:interact_with_totem":10,"minecraft:talked_to_villager":52,"minecraft:play_time":278067,"minecraft:deaths":9,"minecraft:jump":2893,"minecraft:walk_on_water_one_cm":92188,"minecraft:interact_with_furnace":66,"minecraft:traded_with_villager":16,"minecraft:sleep_in_bed":7,"minecraft:damage_dealt":23599,"minecraft:crouch_one_cm":40981,"minecraft:interact_with_smoker":11,"minecraft:mob_kills":109,"minecraft:interact_with_anvil":12,"minecraft:damage_dealt_resisted":2324,"minecraft:climb_one_cm":13840,"minecraft:walk_one_cm":517554,"vampirism:skills_unlocked":8,"vampirism:capture_village":1,"minecraft:sneak_time":21152,"minecraft:walk_under_water_one_cm":99695,"minecraft:total_world_time":278067,"vampirism:win_village_capture":1,"minecraft:interact_with_grindstone":1,"minecraft:time_since_rest":1068,"minecraft:damage_taken":6640,"minecraft:swim_one_cm":151296,"minecraft:fly_one_cm":579657,"minecraft:open_chest":28,"minecraft:fish_caught":12,"minecraft:fall_one_cm":45221},"minecraft:mined":{"minecraft:brewing_stand":1,"minecraft:grass_block":3,"deep_dark_regrowth:sculk_tendril":1,"ars_nouveau:sourceberry_bush":11,"minecraft:spawner":1,"minecraft:tall_seagrass":1,"minecraft:iron_ore":3,"minecraft:fire":1,"minecraft:cobbled_deepslate":4,"minecraft:anvil":1,"ars_nouveau:red_archwood_log":66,"minecraft:smoker":6,"born_in_chaos_v1:infected_deepslate_diamond_ore":4,"minecraft:torch":5,"minecraft:cobblestone":60,"fishofthieves:fish_bone":1,"minecraft:grindstone":17,"minecraft:oak_planks":4,"minecraft:iron_door":1,"ars_nouveau:red_archwood_leaves":1,"minecraft:wall_torch":3,"minecraft:seagrass":2,"evilcraft:dark_ore_deepslate":1,"minecraft:tnt":1,"minecraft:black_bed":1,"biomesoplenty:fir_log":74,"minecraft:grass":2,"minecraft:sand":3,"minecraft:dirt":2,"minecraft:deepslate":55,"minecraft:suspicious_gravel":1,"minecraft:mossy_cobblestone":1,"minecraft:deepslate_diamond_ore":3,"deep_dark_regrowth:sculk_sprouts":1,"minecraft:hay_block":2,"minecraft:furnace":5,"minecraft:deepslate_iron_ore":4,"minecraft:vine":2,"minecraft:lantern":1,"minecraft:stripped_oak_log":1,"minecraft:stone":272,"minecraft:flowering_azalea":1,"minecraft:crafting_table":5,"minecraft:emerald_ore":56,"biomesoplenty:fir_planks":1,"minecraft:rose_bush":1,"minecraft:deepslate_gold_ore":15,"minecraft:sculk":11,"minecraft:diorite":21,"minecraft:spruce_log":6,"minecraft:coal_ore":41,"minecraft:gravel":7,"minecraft:cobweb":6,"minecraft:terracotta":2,"minecraft:stone_bricks":2,"minecraft:chipped_anvil":4,"minecraft:mossy_stone_bricks":1,"minecraft:fern":1},"minecraft:killed_by":{"rootoffear:wilted":1},"minecraft:crafted":{"minecraft:oak_planks":9,"ars_nouveau:archwood_planks":207,"werewolves:stone_altar_fire_bowl":4,"minecraft:cooked_chicken":24,"minecraft:stone":52,"minecraft:glass":3,"minecraft:stone_bricks":52,"minecraft:glass_bottle":3,"minecraft:cooked_porkchop":18,"minecraft:crafting_table":10,"minecraft:spruce_planks":2,"minecraft:wooden_pickaxe":1,"werewolves:stone_altar":1,"biomesoplenty:fir_planks":111,"minecraft:diamond_pickaxe":1,"minecraft:shield":3,"minecraft:stick":2,"minecraft:iron_ingot":7,"minecraft:iron_pickaxe":2,"minecraft:stone_sword":2,"minecraft:gold_ingot":28,"minecraft:rabbit_stew":10,"minecraft:furnace":5,"minecraft:diamond":1,"alexsdelight:cooked_bison":5,"minecraft:stone_pickaxe":3,"minecraft:cooked_beef":11,"minecraft:cooked_cod":4,"fishofthieves:cooked_splashtail":4,"minecraft:diamond_sword":1,"minecraft:iron_sword":3,"minecraft:cooked_salmon":6,"minecraft:bucket":1,"minecraft:stone_axe":1,"minecraft:bread":2,"minecraft:air":646,"minecraft:wooden_axe":1,"minecraft:torch":12},"minecraft:dropped":{"minecraft:iron_sword":2,"vampirism:human_heart":7,"minecraft:glass_bottle":4,"untamedwilds:material_fat":2,"minecraft:cooked_porkchop":1,"minecraft:rail":6,"alexsmobs:bison_fur":2,"biomesoplenty:fir_sapling":18,"dungeonsweaponry:trickbow":1,"minecraft:stone_button":1,"minecraft:cooked_cod":4,"minecraft:gold_nugget":1,"minecraft:bone_meal":2,"minecraft:fishing_rod":2,"minecraft:gravel":2,"minecraft:stone_axe":1,"minecraft:iron_nugget":8,"minecraft:cooked_chicken":9,"alexsmobs:animal_dictionary":1,"minecraft:cobbled_deepslate":24,"minecraft:wheat":3,"minecraft:oak_planks":24,"evilcraft:flesh_humanoid":1,"patchouli:guide_book":1,"ars_nouveau:sourceberry_bush":28,"minecraft:poppy":2,"minecraft:gunpowder":1,"born_in_chaos_v1:corpse_maggot":4,"doggytalents:rice_grains":2,"alexsmobs:lava_bottle":1,"vampirism:item_garlic":1,"minecraft:iron_ingot":2,"minecraft:wheat_seeds":8,"untamedwilds:food_turtle_raw":1,"minecraft:cobblestone":85,"minecraft:pufferfish":1,"ars_nouveau:worn_notebook":1,"minecraft:diorite":3,"minecraft:torch":4,"minecraft:wooden_axe":1,"minecraft:rose_bush":1,"minecraft:flowering_azalea":1,"vampirism:ring":1,"minecraft:spruce_sapling":5,"minecraft:stone_sword":2,"minecraft:bowl":6,"ars_nouveau:archwood_planks":216,"fishofthieves:leeches":1,"born_in_chaos_v1:rotten_fish":4,"fishofthieves:fish_bone":1,"fishofthieves:cooked_splashtail":4,"minecraft:suspicious_stew":1,"minecraft:filled_map":1,"minecraft:shield":2,"fishofthieves:earthworms":1,"minecraft:bamboo":7,"minecraft:stone_pickaxe":1,"minecraft:wooden_pickaxe":1,"minecraft:raw_gold":7,"minecraft:terracotta":1}},"DataVersion":3465}