{"stats":{"minecraft:picked_up":{"minecraft:wheat":3,"minecraft:anvil":1,"minecraft:suspicious_stew":1,"minecraft:potion":1,"paraglider:goddess_statue":1,"minecraft:string":27,"minecraft:pufferfish":1,"minecraft:cobbled_deepslate":52,"biomesoplenty:fir_planks":1,"minecraft:spruce_planks":2,"minecraft:rose_bush":1,"werewolves:pelt":2,"delightful:green_tea_leaf":1,"ars_elemental:flashpine_pod":1,"minecraft:furnace":5,"minecraft:stick":31,"minecraft:torch":37,"werewolves:liver":75,"minecraft:porkchop":3,"minecraft:diorite":16,"born_in_chaos_v1:nightmare_claw":1,"minecraft:rotten_flesh":15,"born_in_chaos_v1:sea_terror_eye":1,"alexsdelight:raw_bison":5,"ars_nouveau:sourceberry_bush":31,"evilcraft:condensed_blood":9,"minecraft:cod":7,"minecraft:cobblestone":418,"minecraft:iron_door":1,"minecraft:water_bucket":1,"minecraft:black_bed":1,"alexsmobs:bison_fur":2,"minecraft:smoker":6,"biomesoplenty:fir_log":111,"biomesoplenty:fir_sapling":18,"farmersdelight:bacon":7,"alexsmobs:bear_fur":2,"paraglider:spirit_orb":4,"minecraft:flint":1,"evilcraft:flesh_humanoid":1,"minecraft:dirt":20,"minecraft:lantern":1,"untamedwilds:food_turtle_raw":1,"born_in_chaos_v1:monster_skin":7,"born_in_chaos_v1:marigolds":1,"minecraft:bone":17,"minecraft:chipped_anvil":4,"minecraft:wheat_seeds":9,"minecraft:raw_gold":15,"vampirism:item_garlic":2,"minecraft:grindstone":17,"fishofthieves:earthworms":3,"minecraft:mossy_stone_bricks":1,"minecraft:bamboo":7,"minecraft:oak_planks":5,"vampirism:ring":1,"minecraft:sand":28,"dungeonsweaponry:trickbow":1,"minecraft:mossy_cobblestone":1,"sons_of_sins:flesh_of_demise":1,"fishofthieves:splashtail":8,"born_in_chaos_v1:fire_dust":1,"minecraft:diamond":5,"minecraft:bone_meal":2,"fishofthieves:leeches":1,"minecraft:emerald":56,"werewolves:cracked_bone":27,"born_in_chaos_v1:rotten_fish":11,"minecraft:bricks":1,"ars_nouveau:red_archwood_log":66,"minecraft:fishing_rod":1,"minecraft:coarse_dirt":4,"born_in_chaos_v1:diamond_termite_shard":9,"minecraft:crafting_table":5,"minecraft:chain":1,"minecraft:shield":1,"ars_nouveau:archwood_planks":168,"minecraft:iron_axe":1,"minecraft:flint_and_steel":1,"minecraft:beef":5,"minecraft:poppy":2,"minecraft:chest":1,"minecraft:raw_iron":15,"minecraft:stone":1,"farmersdelight:minced_beef":6,"minecraft:spruce_fence":1,"werewolves:raw_silver":20,"werewolves:stone_altar_fire_bowl":7,"minecraft:stone_button":2,"born_in_chaos_v1:pieceofdarkmetal":1,"minecraft:tnt":1,"minecraft:hay_block":2,"born_in_chaos_v1:spiny_shell":2,"minecraft:mutton":12,"minecraft:rail":13,"minecraft:white_wool":20,"born_in_chaos_v1:corpse_maggot":7,"minecraft:salmon":11,"minecraft:leather":8,"minecraft:filled_map":1,"doggytalents:rice_grains":7,"fishofthieves:grubs":2,"minecraft:oak_log":9,"minecraft:gunpowder":1,"vampirism:human_heart":18,"minecraft:stone_bricks":4,"untamedwilds:material_fat":13,"minecraft:iron_ingot":7,"minecraft:glass_bottle":3,"minecraft:iron_sword":2,"minecraft:flowering_azalea":1,"werewolves:stone_altar":4,"born_in_chaos_v1:ethereal_spirit":3,"minecraft:gravel":13,"minecraft:spruce_sapling":15,"alexsmobs:lava_bottle":2,"minecraft:spruce_log":106,"minecraft:spider_eye":2,"fishofthieves:fish_bone":1,"minecraft:slime_ball":1,"minecraft:terracotta":2,"fishofthieves:plentifin":1,"minecraft:black_wool":1,"minecraft:coal":40},"minecraft:broken":{"minecraft:stone_pickaxe":1,"minecraft:iron_pickaxe":1},"minecraft:crafted":{"minecraft:oak_planks":11,"ars_nouveau:archwood_planks":207,"minecraft:cooked_chicken":24,"werewolves:stone_altar_fire_bowl":8,"minecraft:stone":96,"minecraft:glass":27,"minecraft:chest":1,"minecraft:stone_bricks":96,"minecraft:glass_bottle":3,"werewolves:pelt_helmet":1,"minecraft:emerald":3,"minecraft:cooked_porkchop":24,"minecraft:crafting_table":11,"minecraft:spruce_planks":59,"minecraft:wooden_pickaxe":1,"travelersbackpack:standard":2,"werewolves:stone_altar":2,"travelersbackpack:blue_sleeping_bag":2,"biomesoplenty:fir_planks":111,"minecraft:diamond_pickaxe":1,"minecraft:shield":3,"minecraft:stick":2,"minecraft:iron_ingot":15,"minecraft:iron_pickaxe":2,"minecraft:stone_sword":2,"minecraft:gold_ingot":28,"minecraft:rabbit_stew":10,"minecraft:furnace":6,"minecraft:bone_meal":2,"minecraft:flint_and_steel":1,"minecraft:diamond":1,"alexsdelight:cooked_bison":5,"minecraft:stone_pickaxe":3,"minecraft:cooked_beef":11,"minecraft:cooked_cod":4,"fishofthieves:cooked_splashtail":4,"minecraft:diamond_sword":1,"travelersbackpack:backpack_tank":4,"minecraft:iron_sword":3,"minecraft:cooked_salmon":6,"minecraft:bucket":1,"minecraft:stone_axe":1,"minecraft:bread":2,"minecraft:air":794,"minecraft:blue_dye":4,"minecraft:wooden_axe":1,"minecraft:blue_wool":4,"minecraft:torch":12},"minecraft:dropped":{"minecraft:iron_sword":2,"vampirism:human_heart":7,"untamedwilds:material_fat":2,"minecraft:glass_bottle":4,"minecraft:cooked_porkchop":7,"travelersbackpack:standard":1,"minecraft:rail":6,"alexsmobs:bison_fur":2,"biomesoplenty:fir_sapling":18,"minecraft:cod":2,"dungeonsweaponry:trickbow":1,"minecraft:stone_button":1,"minecraft:mutton":12,"minecraft:cooked_cod":4,"minecraft:gold_nugget":1,"minecraft:bone_meal":2,"minecraft:fishing_rod":2,"fishofthieves:grubs":2,"sons_of_sins:flesh_of_demise":1,"minecraft:gravel":9,"minecraft:stone_axe":1,"minecraft:cooked_chicken":9,"alexsmobs:animal_dictionary":1,"minecraft:cobbled_deepslate":24,"minecraft:iron_nugget":8,"minecraft:wheat":3,"born_in_chaos_v1:ethereal_spirit":2,"minecraft:oak_planks":24,"vampirism:blood_bottle":2,"evilcraft:flesh_humanoid":1,"patchouli:guide_book":1,"ars_nouveau:sourceberry_bush":28,"minecraft:poppy":2,"minecraft:gunpowder":1,"born_in_chaos_v1:corpse_maggot":4,"doggytalents:rice_grains":7,"born_in_chaos_v1:marigolds":1,"alexsmobs:lava_bottle":1,"minecraft:iron_ingot":2,"vampirism:item_garlic":2,"minecraft:water_bucket":1,"minecraft:wheat_seeds":9,"evilcraft:condensed_blood":9,"untamedwilds:food_turtle_raw":1,"minecraft:cobblestone":105,"minecraft:pufferfish":1,"ars_nouveau:worn_notebook":1,"minecraft:diorite":3,"minecraft:torch":4,"werewolves:cracked_bone":4,"minecraft:wooden_axe":1,"minecraft:rose_bush":1,"minecraft:potion":1,"minecraft:flowering_azalea":1,"vampirism:ring":1,"minecraft:spruce_sapling":5,"minecraft:stone_sword":2,"minecraft:bowl":6,"ars_nouveau:archwood_planks":216,"fishofthieves:leeches":1,"born_in_chaos_v1:rotten_fish":11,"fishofthieves:fish_bone":1,"fishofthieves:cooked_splashtail":4,"minecraft:spruce_fence":1,"alexsmobs:bear_fur":2,"minecraft:flint_and_steel":1,"minecraft:suspicious_stew":1,"minecraft:filled_map":1,"minecraft:stone":1,"minecraft:shield":2,"fishofthieves:earthworms":3,"minecraft:spruce_planks":20,"born_in_chaos_v1:spiny_shell":1,"minecraft:bamboo":7,"minecraft:slime_ball":1,"minecraft:rabbit_stew":4,"minecraft:stone_pickaxe":1,"minecraft:wooden_pickaxe":1,"minecraft:raw_gold":7,"minecraft:terracotta":1},"minecraft:killed":{"vampirism:vampire":1,"minecraft:cave_spider":3,"vampirism:advanced_vampire":1,"born_in_chaos_v1:restless_spirit":1,"minecraft:spider":1,"minecraft:cod":5,"minecraft:pufferfish":3,"werewolves:werewolf_beast":6,"vampirism:task_master_hunter":1,"vampirism:advanced_hunter":3,"born_in_chaos_v1:firelight_not_despawn":1,"fishofthieves:splashtail":3,"alexsmobs:grizzly_bear":1,"minecraft:zombie_villager":4,"born_in_chaos_v1:diamond_termite":9,"minecraft:salmon":7,"minecraft:iron_golem":1,"untamedwilds:boar":3,"minecraft:creeper":3,"vampirism:hunter":28,"minecraft:sheep":5,"untamedwilds:tortoise":1,"minecraft:zombie":5,"minecraft:mooshroom":1,"born_in_chaos_v1:corpse_fly":1,"untamedwilds:bison":2,"minecraft:cow":1,"werewolves:werewolf_survivalist":2,"born_in_chaos_v1:maggot":7,"born_in_chaos_v1:corpse_fish":8,"alexsmobs:bison":1,"minecraft:drowned":2,"born_in_chaos_v1:barrel_zombie":2,"minecraft:husk":1,"ars_nouveau:drygmy":1,"born_in_chaos_v1:baby_skeleton":2,"untamedwilds:king_crab":1,"born_in_chaos_v1:decrepit_skeleton":3,"sons_of_sins:betrayed_guzzler":1,"born_in_chaos_v1:nightmare_stalker":2,"minecraft:villager":8},"minecraft:killed_by":{"rootoffear:wilted":3},"minecraft:used":{"minecraft:shield":20,"minecraft:iron_sword":237,"minecraft:rotten_flesh":2,"minecraft:bricks":1,"werewolves:stone_altar":5,"minecraft:lantern":1,"minecraft:stone_bricks":36,"delightful:green_tea_leaf":1,"minecraft:rabbit_stew":6,"minecraft:hay_block":2,"minecraft:furnace":11,"ars_nouveau:sourceberry_bush":3,"untamedwilds:material_fat":3,"minecraft:mossy_stone_bricks":1,"minecraft:diorite":13,"minecraft:oak_planks":1,"minecraft:stone_pickaxe":207,"minecraft:wooden_pickaxe":5,"vampirism:human_heart":7,"biomesoplenty:fir_planks":407,"fishofthieves:plentifin":1,"minecraft:white_wool":16,"minecraft:golden_apple":1,"minecraft:sand":1,"ars_nouveau:archwood_planks":44,"ars_elemental:flashpine_pod":1,"minecraft:bread":2,"werewolves:stone_altar_fire_bowl":11,"minecraft:iron_door":1,"minecraft:diamond_sword":364,"minecraft:fire_charge":5,"minecraft:grindstone":17,"minecraft:chain":1,"minecraft:air":7,"minecraft:coarse_dirt":4,"minecraft:bone_meal":6,"fishofthieves:leeches":2,"minecraft:stone_sword":16,"minecraft:flint_and_steel":5,"minecraft:spruce_planks":38,"minecraft:cooked_salmon":6,"minecraft:cooked_chicken":15,"minecraft:torch":124,"minecraft:dirt":19,"born_in_chaos_v1:sea_terror_eye":1,"minecraft:wooden_axe":7,"minecraft:chipped_anvil":4,"minecraft:iron_axe":21,"minecraft:cooked_beef":11,"minecraft:cobbled_deepslate":25,"alexsdelight:cooked_bison":5,"minecraft:water_bucket":21,"minecraft:glass_bottle":168,"werewolves:pelt_helmet":1,"minecraft:salmon":1,"minecraft:terracotta":1,"minecraft:rail":1,"minecraft:tnt":1,"minecraft:crafting_table":16,"minecraft:spruce_log":2,"minecraft:smoker":6,"minecraft:diamond_pickaxe":207,"minecraft:black_wool":1,"minecraft:iron_pickaxe":374,"minecraft:spruce_sapling":10,"minecraft:stone_axe":5,"minecraft:fishing_rod":16,"minecraft:cobblestone":122,"minecraft:potion":168,"travelersbackpack:standard":6,"minecraft:cooked_porkchop":17,"minecraft:bucket":22},"minecraft:custom":{"minecraft:interact_with_crafting_table":48,"minecraft:open_barrel":49,"goblintraders:trade_with_goblin":4,"minecraft:leave_game":25,"minecraft:time_since_death":62846,"minecraft:damage_resisted":20,"minecraft:sprint_one_cm":479474,"minecraft:damage_blocked_by_shield":1755,"minecraft:drop":187,"vampirism:interact_with_totem":10,"minecraft:talked_to_villager":55,"minecraft:play_time":377076,"minecraft:deaths":12,"minecraft:jump":4039,"minecraft:walk_on_water_one_cm":128227,"minecraft:interact_with_furnace":83,"minecraft:traded_with_villager":19,"werewolves:action_time_human_form":1328,"minecraft:sleep_in_bed":8,"vampirism:actions_used":4,"minecraft:waystone_activated":1,"minecraft:damage_dealt":34546,"minecraft:crouch_one_cm":52898,"minecraft:interact_with_smoker":17,"minecraft:interact_with_anvil":12,"minecraft:mob_kills":142,"minecraft:damage_dealt_resisted":3071,"werewolves:action_used_human_form":4,"minecraft:climb_one_cm":27069,"minecraft:walk_one_cm":696540,"vampirism:skills_unlocked":13,"vampirism:capture_village":1,"minecraft:sneak_time":29150,"minecraft:walk_under_water_one_cm":127682,"minecraft:total_world_time":377076,"vampirism:win_village_capture":1,"vampirism:blood_drunk":14000,"minecraft:interact_with_grindstone":1,"minecraft:time_since_rest":49713,"minecraft:damage_taken":11526,"minecraft:swim_one_cm":208140,"minecraft:fly_one_cm":898465,"minecraft:open_chest":51,"minecraft:fish_caught":12,"minecraft:fall_one_cm":58511},"minecraft:mined":{"minecraft:spruce_planks":2,"minecraft:brewing_stand":1,"minecraft:grass_block":10,"deep_dark_regrowth:sculk_tendril":1,"ars_nouveau:sourceberry_bush":11,"minecraft:spawner":2,"minecraft:tall_seagrass":1,"minecraft:cobbled_deepslate":4,"minecraft:iron_ore":9,"minecraft:fire":1,"minecraft:anvil":1,"werewolves:stone_altar_fire_bowl":6,"ars_nouveau:red_archwood_log":66,"minecraft:smoker":6,"born_in_chaos_v1:infected_deepslate_diamond_ore":4,"minecraft:torch":5,"minecraft:chest":1,"minecraft:cobblestone":62,"minecraft:grindstone":17,"fishofthieves:fish_bone":1,"minecraft:oak_planks":4,"minecraft:iron_door":1,"ars_nouveau:red_archwood_leaves":1,"minecraft:wall_torch":4,"minecraft:seagrass":2,"evilcraft:dark_ore_deepslate":1,"minecraft:black_bed":1,"minecraft:tnt":1,"biomesoplenty:fir_log":74,"minecraft:grass":5,"minecraft:oak_log":2,"minecraft:sand":29,"minecraft:dirt":9,"werewolves:silver_ore":15,"minecraft:deepslate":55,"minecraft:suspicious_gravel":1,"minecraft:mossy_cobblestone":1,"minecraft:deepslate_diamond_ore":3,"deep_dark_regrowth:sculk_sprouts":1,"minecraft:hay_block":2,"minecraft:furnace":5,"minecraft:deepslate_iron_ore":4,"minecraft:vine":2,"minecraft:lantern":1,"minecraft:stripped_oak_log":1,"minecraft:stone":432,"minecraft:white_wool":13,"minecraft:flowering_azalea":1,"born_in_chaos_v1:marigolds":1,"werewolves:stone_altar":4,"minecraft:crafting_table":5,"minecraft:emerald_ore":56,"biomesoplenty:fir_planks":1,"minecraft:rose_bush":1,"minecraft:deepslate_gold_ore":15,"minecraft:sculk":11,"minecraft:diorite":21,"minecraft:coarse_dirt":4,"minecraft:spruce_log":110,"minecraft:coal_ore":41,"minecraft:gravel":17,"minecraft:cobweb":27,"minecraft:terracotta":2,"minecraft:stone_bricks":4,"minecraft:chipped_anvil":4,"minecraft:mossy_stone_bricks":1,"minecraft:fern":1,"paraglider:goddess_statue":1}},"DataVersion":3465}