{"stats":{"minecraft:mined":{"minecraft:crafting_table":1,"biomesoplenty:fir_log":74},"minecraft:picked_up":{"minecraft:crafting_table":1,"minecraft:stick":17,"biomesoplenty:fir_sapling":18,"biomesoplenty:fir_log":74,"delightful:green_tea_leaf":1},"minecraft:crafted":{"biomesoplenty:fir_planks":10,"minecraft:crafting_table":1,"minecraft:wooden_pickaxe":1,"minecraft:air":41,"minecraft:wooden_axe":1},"minecraft:used":{"delightful:green_tea_leaf":1,"minecraft:wooden_axe":3,"minecraft:crafting_table":1},"minecraft:dropped":{"biomesoplenty:fir_sapling":18},"minecraft:custom":{"minecraft:time_since_rest":0,"minecraft:crouch_one_cm":583,"minecraft:play_time":2511,"minecraft:sprint_one_cm":950,"minecraft:deaths":1,"minecraft:damage_taken":310,"minecraft:walk_one_cm":4887,"minecraft:sneak_time":159,"minecraft:walk_under_water_one_cm":6206,"minecraft:drop":1,"minecraft:jump":16,"minecraft:damage_dealt":138,"minecraft:leave_game":1,"minecraft:walk_on_water_one_cm":1339,"minecraft:time_since_death":0,"minecraft:total_world_time":2511,"minecraft:swim_one_cm":771,"minecraft:fall_one_cm":1786,"minecraft:interact_with_crafting_table":1,"minecraft:fly_one_cm":3170}},"DataVersion":3465}