{"stats":{"minecraft:killed_by":{"rootoffear:wilted":3},"minecraft:killed":{"vampirism:vampire":2,"minecraft:cave_spider":3,"vampirism:advanced_vampire":1,"born_in_chaos_v1:restless_spirit":1,"minecraft:spider":2,"minecraft:cod":5,"minecraft:pufferfish":3,"minecraft:skeleton":4,"werewolves:werewolf_beast":8,"vampirism:task_master_hunter":1,"vampirism:advanced_hunter":3,"born_in_chaos_v1:firelight_not_despawn":1,"fishofthieves:splashtail":3,"alexsmobs:grizzly_bear":1,"minecraft:zombie_villager":4,"born_in_chaos_v1:diamond_termite":9,"minecraft:salmon":7,"untamedwilds:boar":3,"minecraft:iron_golem":1,"minecraft:creeper":4,"vampirism:hunter":28,"minecraft:sheep":5,"untamedwilds:tortoise":1,"wrd:bait_snapper_closed":1,"minecraft:zombie":7,"minecraft:mooshroom":1,"born_in_chaos_v1:corpse_fly":3,"untamedwilds:bison":2,"werewolves:werewolf_survivalist":2,"minecraft:cow":1,"born_in_chaos_v1:maggot":7,"deep_dark_regrowth:annihilator":1,"alexsmobs:bison":1,"minecraft:drowned":2,"born_in_chaos_v1:corpse_fish":8,"born_in_chaos_v1:barrel_zombie":2,"minecraft:husk":1,"ars_nouveau:drygmy":1,"born_in_chaos_v1:baby_skeleton":2,"untamedwilds:king_crab":1,"born_in_chaos_v1:decrepit_skeleton":3,"sons_of_sins:betrayed_guzzler":1,"born_in_chaos_v1:nightmare_stalker":2,"minecraft:villager":8},"minecraft:mined":{"minecraft:spruce_planks":23,"minecraft:brewing_stand":1,"minecraft:grass_block":11,"deep_dark_regrowth:sculk_tendril":1,"ars_nouveau:sourceberry_bush":11,"minecraft:spawner":2,"minecraft:tall_seagrass":1,"deep_dark_regrowth:vilethorn":1,"minecraft:fire":1,"minecraft:iron_ore":11,"minecraft:cobbled_deepslate":4,"minecraft:anvil":2,"minecraft:sculk_shrieker":4,"werewolves:stone_altar_fire_bowl":6,"ars_nouveau:red_archwood_log":66,"minecraft:deepslate_redstone_ore":12,"deep_dark_regrowth:sculk_biter":8,"deep_dark_regrowth:sculk_ribs":4,"minecraft:smoker":6,"born_in_chaos_v1:infected_deepslate_diamond_ore":4,"minecraft:torch":6,"minecraft:chest":1,"minecraft:cobblestone":157,"deep_dark_regrowth:overloaded_sculk":13,"minecraft:grindstone":17,"fishofthieves:fish_bone":1,"minecraft:oak_planks":4,"minecraft:iron_door":1,"ars_nouveau:red_archwood_leaves":1,"minecraft:wall_torch":8,"minecraft:seagrass":2,"evilcraft:dark_ore_deepslate":7,"minecraft:black_bed":1,"minecraft:tnt":1,"biomesoplenty:fir_log":74,"minecraft:grass":5,"minecraft:oak_log":2,"minecraft:sand":32,"minecraft:dirt":11,"minecraft:deepslate":192,"werewolves:silver_ore":15,"minecraft:deepslate_tiles":1,"minecraft:suspicious_gravel":1,"alexscaves:spelunkery_table":1,"minecraft:tuff":7,"deep_dark_regrowth:short_infected_mushroom":1,"minecraft:mossy_cobblestone":2,"deep_dark_regrowth:sculk_soil":18,"minecraft:deepslate_diamond_ore":13,"deep_dark_regrowth:sculk_sprouts":3,"deep_dark_regrowth:sculk_ribs_small":1,"minecraft:hay_block":2,"minecraft:furnace":5,"minecraft:vine":2,"minecraft:deepslate_iron_ore":65,"minecraft:rail":3,"minecraft:lantern":1,"minecraft:stripped_oak_log":1,"minecraft:stone":436,"minecraft:white_wool":13,"minecraft:smithing_table":1,"minecraft:flowering_azalea":1,"born_in_chaos_v1:marigolds":1,"werewolves:stone_altar":4,"minecraft:crafting_table":5,"minecraft:emerald_ore":86,"biomesoplenty:fir_planks":1,"minecraft:rose_bush":1,"minecraft:sculk_sensor":5,"minecraft:lapis_ore":8,"minecraft:deepslate_gold_ore":33,"minecraft:sculk":78,"minecraft:diorite":21,"minecraft:gray_wool":27,"deep_dark_regrowth:sculk_moss":1,"minecraft:coarse_dirt":4,"minecraft:spruce_log":110,"minecraft:coal_ore":63,"werewolves:deepslate_silver_ore":2,"minecraft:gravel":19,"minecraft:cobweb":27,"minecraft:cracked_stone_bricks":3,"minecraft:terracotta":2,"deep_dark_regrowth:sculk_biter_charge":1,"minecraft:stone_bricks":7,"minecraft:chipped_anvil":4,"minecraft:mossy_stone_bricks":4,"minecraft:fern":5,"paraglider:goddess_statue":1},"minecraft:custom":{"minecraft:interact_with_crafting_table":57,"minecraft:open_barrel":52,"goblintraders:trade_with_goblin":4,"minecraft:leave_game":29,"minecraft:time_since_death":18439,"minecraft:damage_resisted":20,"minecraft:sprint_one_cm":690997,"minecraft:damage_blocked_by_shield":1950,"minecraft:drop":226,"vampirism:interact_with_totem":10,"minecraft:talked_to_villager":55,"minecraft:play_time":531970,"minecraft:deaths":15,"minecraft:jump":5518,"minecraft:walk_on_water_one_cm":141197,"minecraft:interact_with_furnace":104,"minecraft:traded_with_villager":19,"werewolves:action_time_human_form":14149,"minecraft:interact_with_loom":3,"minecraft:sleep_in_bed":8,"vampirism:actions_used":9,"minecraft:waystone_activated":4,"minecraft:damage_dealt":46610,"minecraft:crouch_one_cm":175038,"minecraft:interact_with_smoker":17,"minecraft:interact_with_smithing_table":4,"minecraft:interact_with_anvil":16,"minecraft:mob_kills":159,"minecraft:damage_dealt_resisted":3235,"werewolves:action_used_human_form":9,"minecraft:climb_one_cm":34299,"minecraft:walk_one_cm":898573,"vampirism:skills_unlocked":19,"vampirism:capture_village":1,"minecraft:sneak_time":52430,"minecraft:walk_under_water_one_cm":133132,"minecraft:interact_with_blast_furnace":1,"minecraft:total_world_time":531970,"vampirism:blood_drunk":30000,"vampirism:win_village_capture":1,"minecraft:interact_with_grindstone":1,"minecraft:time_since_rest":18468,"minecraft:damage_absorbed":89,"minecraft:damage_taken":13597,"minecraft:swim_one_cm":212299,"minecraft:fly_one_cm":1260155,"minecraft:open_chest":111,"minecraft:fish_caught":12,"minecraft:fall_one_cm":75180},"minecraft:picked_up":{"minecraft:wheat":3,"minecraft:anvil":2,"minecraft:suspicious_stew":1,"irons_spellbooks:affinity_ring":1,"minecraft:smithing_table":1,"minecraft:potion":1,"paraglider:goddess_statue":1,"minecraft:string":29,"minecraft:pufferfish":1,"irons_spellbooks:arcane_essence":2,"minecraft:deepslate_tiles":1,"minecraft:cobbled_deepslate":197,"biomesoplenty:fir_planks":1,"minecraft:spruce_planks":43,"minecraft:rose_bush":1,"werewolves:pelt":3,"delightful:green_tea_leaf":1,"ars_elemental:flashpine_pod":1,"minecraft:furnace":5,"minecraft:stick":31,"minecraft:torch":44,"werewolves:liver":75,"minecraft:porkchop":3,"minecraft:diorite":16,"born_in_chaos_v1:nightmare_claw":1,"minecraft:rotten_flesh":18,"born_in_chaos_v1:sea_terror_eye":1,"alexsdelight:raw_bison":5,"ars_nouveau:sourceberry_bush":31,"evilcraft:condensed_blood":9,"minecraft:cod":7,"minecraft:cobblestone":492,"deep_dark_regrowth:mossy_fluorite":7,"minecraft:iron_door":1,"minecraft:water_bucket":1,"minecraft:black_bed":1,"minecraft:smoker":6,"biomesoplenty:fir_log":111,"biomesoplenty:fir_sapling":18,"farmersdelight:bacon":7,"alexsmobs:bear_fur":2,"alexsmobs:bison_fur":2,"paraglider:spirit_orb":4,"minecraft:flint":1,"minecraft:tuff":2,"evilcraft:flesh_humanoid":1,"deep_dark_regrowth:apatine_seeds":3,"minecraft:lapis_lazuli":84,"minecraft:dirt":22,"minecraft:lantern":1,"untamedwilds:food_turtle_raw":1,"born_in_chaos_v1:monster_skin":8,"born_in_chaos_v1:marigolds":1,"minecraft:bone":23,"minecraft:chipped_anvil":4,"minecraft:wheat_seeds":9,"minecraft:raw_gold":44,"vampirism:item_garlic":2,"minecraft:grindstone":17,"fishofthieves:earthworms":3,"minecraft:mossy_stone_bricks":2,"minecraft:bamboo":7,"minecraft:oak_planks":5,"vampirism:ring":1,"evilcraft:dark_gem_crushed":10,"minecraft:sand":31,"dungeonsweaponry:trickbow":1,"minecraft:mossy_cobblestone":2,"sons_of_sins:flesh_of_demise":1,"fishofthieves:splashtail":8,"born_in_chaos_v1:fire_dust":1,"minecraft:diamond":16,"minecraft:bone_meal":2,"fishofthieves:leeches":1,"minecraft:emerald":102,"werewolves:cracked_bone":28,"born_in_chaos_v1:rotten_fish":11,"minecraft:bricks":1,"ars_nouveau:red_archwood_log":66,"minecraft:fishing_rod":1,"minecraft:coarse_dirt":4,"born_in_chaos_v1:diamond_termite_shard":9,"minecraft:crafting_table":5,"minecraft:chain":1,"minecraft:shield":1,"ars_nouveau:archwood_planks":168,"minecraft:iron_axe":1,"minecraft:flint_and_steel":1,"minecraft:cracked_stone_bricks":2,"minecraft:beef":5,"minecraft:poppy":2,"deep_dark_regrowth:plasmatic_sculk":1,"minecraft:chest":1,"minecraft:raw_iron":106,"minecraft:stone":1,"farmersdelight:minced_beef":6,"minecraft:spruce_fence":1,"werewolves:raw_silver":22,"werewolves:stone_altar_fire_bowl":7,"minecraft:stone_button":2,"born_in_chaos_v1:pieceofdarkmetal":1,"minecraft:redstone":60,"minecraft:tnt":1,"minecraft:hay_block":2,"alexscaves:spelunkery_table":1,"born_in_chaos_v1:spiny_shell":2,"minecraft:mutton":12,"minecraft:rail":18,"minecraft:white_wool":20,"deep_dark_regrowth:sculk_bone":5,"born_in_chaos_v1:corpse_maggot":8,"born_in_chaos_v1:monster_flesh":1,"minecraft:salmon":11,"minecraft:leather":8,"minecraft:filled_map":1,"doggytalents:rice_grains":7,"fishofthieves:grubs":3,"minecraft:oak_log":9,"minecraft:gunpowder":2,"vampirism:human_heart":18,"minecraft:stone_bricks":6,"untamedwilds:material_fat":13,"minecraft:iron_ingot":7,"deep_dark_regrowth:short_infected_mushroom":1,"minecraft:glass_bottle":3,"minecraft:iron_sword":2,"minecraft:flowering_azalea":1,"werewolves:stone_altar":4,"deep_dark_regrowth:apatine":2,"born_in_chaos_v1:ethereal_spirit":3,"minecraft:gravel":13,"minecraft:spruce_sapling":15,"alexsmobs:lava_bottle":2,"minecraft:spruce_log":106,"minecraft:spider_eye":2,"fishofthieves:fish_bone":1,"minecraft:slime_ball":1,"evilcraft:dark_gem":29,"minecraft:gray_wool":27,"minecraft:terracotta":2,"fishofthieves:plentifin":1,"minecraft:black_wool":1,"minecraft:coal":72},"minecraft:crafted":{"minecraft:oak_planks":11,"ars_nouveau:archwood_planks":207,"minecraft:cooked_chicken":24,"werewolves:stone_altar_fire_bowl":8,"minecraft:stone":96,"minecraft:glass":30,"minecraft:chest":3,"minecraft:stone_bricks":96,"minecraft:glass_bottle":6,"werewolves:pelt_helmet":1,"minecraft:emerald":3,"minecraft:cooked_porkchop":24,"minecraft:crafting_table":13,"minecraft:spruce_planks":59,"travelersbackpack:standard":3,"minecraft:wooden_pickaxe":1,"werewolves:stone_altar":2,"minecraft:smithing_table":1,"minecraft:gold_block":10,"travelersbackpack:blue_sleeping_bag":2,"biomesoplenty:fir_planks":111,"minecraft:diamond_pickaxe":1,"minecraft:emerald_block":10,"minecraft:shield":3,"minecraft:stick":15,"minecraft:iron_ingot":114,"minecraft:iron_pickaxe":2,"minecraft:stone_sword":2,"minecraft:iron_block":11,"minecraft:gold_ingot":57,"irons_spellbooks:magic_cloth":4,"minecraft:rabbit_stew":10,"minecraft:furnace":8,"minecraft:bone_meal":2,"alexscaves:cave_map":1,"minecraft:flint_and_steel":1,"minecraft:diamond":1,"alexsdelight:cooked_bison":5,"minecraft:stone_pickaxe":3,"minecraft:cooked_beef":11,"minecraft:cooked_cod":4,"fishofthieves:cooked_splashtail":4,"minecraft:diamond_sword":1,"travelersbackpack:backpack_tank":4,"minecraft:iron_sword":3,"werewolves:silver_ingot":22,"minecraft:cooked_salmon":6,"minecraft:bucket":1,"minecraft:stone_axe":1,"minecraft:bread":2,"minecraft:air":1080,"minecraft:blue_dye":4,"minecraft:white_wool":4,"minecraft:wooden_axe":1,"minecraft:blue_wool":4,"minecraft:torch":70,"minecraft:lapis_block":9},"minecraft:dropped":{"minecraft:iron_sword":2,"vampirism:human_heart":7,"untamedwilds:material_fat":2,"minecraft:glass_bottle":7,"minecraft:cooked_porkchop":7,"minecraft:cracked_stone_bricks":2,"travelersbackpack:standard":1,"minecraft:rail":8,"alexsmobs:bison_fur":2,"biomesoplenty:fir_sapling":18,"minecraft:cod":2,"dungeonsweaponry:trickbow":1,"born_in_chaos_v1:monster_flesh":1,"minecraft:stone_button":1,"minecraft:mutton":12,"minecraft:cooked_cod":4,"minecraft:gold_nugget":1,"minecraft:bone_meal":2,"minecraft:fishing_rod":2,"fishofthieves:grubs":3,"sons_of_sins:flesh_of_demise":1,"minecraft:gravel":9,"minecraft:stone_axe":1,"minecraft:cooked_chicken":9,"alexsmobs:animal_dictionary":1,"minecraft:cobbled_deepslate":80,"minecraft:iron_nugget":8,"alexscaves:cave_tablet":6,"minecraft:wheat":3,"born_in_chaos_v1:ethereal_spirit":2,"minecraft:oak_planks":24,"vampirism:blood_bottle":2,"evilcraft:flesh_humanoid":1,"patchouli:guide_book":1,"ars_nouveau:sourceberry_bush":28,"minecraft:poppy":2,"minecraft:deepslate_tiles":1,"minecraft:gunpowder":2,"born_in_chaos_v1:corpse_maggot":5,"doggytalents:rice_grains":7,"deep_dark_regrowth:mossy_fluorite":7,"born_in_chaos_v1:marigolds":1,"alexsmobs:lava_bottle":1,"minecraft:iron_ingot":2,"vampirism:item_garlic":2,"minecraft:water_bucket":1,"minecraft:wheat_seeds":9,"evilcraft:condensed_blood":9,"untamedwilds:food_turtle_raw":1,"werewolves:pelt_helmet":1,"minecraft:cobblestone":105,"deep_dark_regrowth:short_infected_mushroom":1,"minecraft:pufferfish":1,"ars_nouveau:worn_notebook":1,"minecraft:gray_wool":6,"irons_spellbooks:affinity_ring":1,"minecraft:diorite":3,"minecraft:torch":5,"werewolves:cracked_bone":4,"minecraft:wooden_axe":1,"minecraft:rose_bush":1,"minecraft:potion":1,"minecraft:iron_leggings":1,"minecraft:flowering_azalea":1,"vampirism:ring":1,"deep_dark_regrowth:apatine_seeds":3,"minecraft:spruce_sapling":5,"deep_dark_regrowth:apatine":2,"minecraft:stone_sword":2,"deep_dark_regrowth:sculk_bone":5,"minecraft:bowl":6,"ars_nouveau:archwood_planks":216,"minecraft:tuff":2,"fishofthieves:leeches":1,"born_in_chaos_v1:rotten_fish":11,"fishofthieves:fish_bone":1,"fishofthieves:cooked_splashtail":4,"minecraft:spruce_fence":1,"deep_dark_regrowth:plasmatic_sculk":1,"alexsmobs:bear_fur":2,"minecraft:flint_and_steel":1,"minecraft:suspicious_stew":1,"minecraft:filled_map":1,"minecraft:stone":1,"minecraft:shield":2,"fishofthieves:earthworms":3,"minecraft:spruce_planks":45,"born_in_chaos_v1:spiny_shell":1,"minecraft:mossy_stone_bricks":1,"minecraft:stone_bricks":1,"minecraft:bamboo":7,"minecraft:slime_ball":1,"minecraft:rabbit_stew":4,"minecraft:stone_pickaxe":1,"minecraft:wooden_pickaxe":1,"minecraft:raw_gold":7,"minecraft:terracotta":1},"minecraft:broken":{"minecraft:iron_leggings":1,"minecraft:stone_pickaxe":1,"minecraft:iron_axe":1,"minecraft:iron_pickaxe":1},"minecraft:used":{"minecraft:diamond_hoe":110,"minecraft:chest":2,"minecraft:shield":24,"minecraft:iron_sword":237,"minecraft:rotten_flesh":2,"minecraft:bricks":1,"werewolves:stone_altar":5,"minecraft:lantern":1,"minecraft:stone_bricks":37,"delightful:green_tea_leaf":1,"minecraft:rabbit_stew":6,"minecraft:hay_block":2,"minecraft:furnace":13,"ars_nouveau:sourceberry_bush":3,"untamedwilds:material_fat":3,"minecraft:mossy_stone_bricks":1,"minecraft:diorite":13,"minecraft:oak_planks":1,"minecraft:stone_pickaxe":207,"vampirism:human_heart":15,"minecraft:wooden_pickaxe":5,"biomesoplenty:fir_planks":407,"fishofthieves:plentifin":1,"minecraft:golden_apple":1,"minecraft:white_wool":16,"minecraft:sand":1,"ars_nouveau:archwood_planks":44,"ars_elemental:flashpine_pod":1,"minecraft:bread":2,"werewolves:stone_altar_fire_bowl":11,"minecraft:iron_door":1,"minecraft:diamond_sword":483,"minecraft:fire_charge":5,"minecraft:grindstone":17,"minecraft:smithing_table":2,"minecraft:chain":1,"minecraft:experience_bottle":3,"minecraft:air":7,"minecraft:coarse_dirt":4,"minecraft:bone_meal":6,"fishofthieves:leeches":2,"minecraft:stone_sword":16,"minecraft:flint_and_steel":5,"minecraft:spruce_planks":64,"minecraft:cooked_salmon":6,"minecraft:cooked_chicken":15,"minecraft:torch":248,"minecraft:dirt":21,"minecraft:anvil":2,"born_in_chaos_v1:sea_terror_eye":1,"minecraft:wooden_axe":7,"minecraft:chipped_anvil":4,"minecraft:iron_axe":66,"alexscaves:spelunkery_table":1,"minecraft:cobbled_deepslate":78,"minecraft:cooked_beef":11,"alexsdelight:cooked_bison":5,"minecraft:water_bucket":34,"minecraft:glass_bottle":200,"werewolves:pelt_helmet":2,"minecraft:salmon":1,"minecraft:mossy_cobblestone":1,"minecraft:terracotta":1,"minecraft:rail":4,"minecraft:tnt":1,"minecraft:crafting_table":18,"minecraft:smoker":6,"minecraft:spruce_log":2,"minecraft:diamond_pickaxe":640,"minecraft:black_wool":1,"minecraft:iron_pickaxe":374,"minecraft:spruce_sapling":10,"minecraft:stone_axe":5,"minecraft:fishing_rod":16,"minecraft:cobblestone":188,"minecraft:potion":200,"travelersbackpack:standard":44,"minecraft:cooked_porkchop":17,"minecraft:bucket":35,"minecraft:gray_wool":18,"minecraft:diamond_leggings":2}},"DataVersion":3465}