{"stats":{"minecraft:killed":{"vampirism:vampire":1,"minecraft:spider":1,"minecraft:cod":5,"minecraft:pufferfish":3,"born_in_chaos_v1:maggot":7,"vampirism:task_master_hunter":1,"werewolves:werewolf_beast":1,"vampirism:advanced_hunter":1,"alexsmobs:bison":1,"born_in_chaos_v1:corpse_fish":7,"minecraft:drowned":1,"born_in_chaos_v1:firelight_not_despawn":1,"fishofthieves:splashtail":3,"minecraft:husk":1,"ars_nouveau:drygmy":1,"born_in_chaos_v1:diamond_termite":9,"minecraft:zombie_villager":4,"born_in_chaos_v1:baby_skeleton":2,"untamedwilds:king_crab":1,"minecraft:salmon":7,"untamedwilds:boar":2,"minecraft:creeper":3,"born_in_chaos_v1:decrepit_skeleton":1,"vampirism:hunter":21,"untamedwilds:tortoise":1,"minecraft:zombie":4,"born_in_chaos_v1:corpse_fly":1,"minecraft:mooshroom":1,"untamedwilds:bison":2,"born_in_chaos_v1:nightmare_stalker":2,"minecraft:villager":8,"minecraft:cow":1},"minecraft:used":{"fishofthieves:leeches":2,"minecraft:stone_sword":16,"minecraft:shield":12,"minecraft:iron_sword":237,"minecraft:cooked_salmon":6,"minecraft:cooked_chicken":15,"minecraft:rotten_flesh":2,"minecraft:torch":78,"minecraft:dirt":4,"minecraft:wooden_axe":7,"minecraft:chipped_anvil":4,"minecraft:bricks":1,"werewolves:stone_altar":1,"minecraft:lantern":1,"minecraft:iron_axe":14,"minecraft:stone_bricks":22,"minecraft:rabbit_stew":6,"delightful:green_tea_leaf":1,"minecraft:hay_block":2,"minecraft:furnace":10,"ars_nouveau:sourceberry_bush":3,"untamedwilds:material_fat":2,"minecraft:cooked_beef":9,"minecraft:cobbled_deepslate":25,"alexsdelight:cooked_bison":5,"minecraft:mossy_stone_bricks":1,"minecraft:water_bucket":5,"minecraft:diorite":13,"minecraft:oak_planks":1,"minecraft:glass_bottle":105,"minecraft:stone_pickaxe":207,"minecraft:wooden_pickaxe":5,"biomesoplenty:fir_planks":407,"fishofthieves:plentifin":1,"minecraft:salmon":1,"minecraft:rail":1,"minecraft:terracotta":1,"minecraft:tnt":1,"minecraft:crafting_table":15,"ars_nouveau:archwood_planks":44,"minecraft:smoker":6,"minecraft:diamond_pickaxe":1,"ars_elemental:flashpine_pod":1,"minecraft:bread":2,"werewolves:stone_altar_fire_bowl":4,"minecraft:iron_pickaxe":374,"minecraft:iron_door":1,"minecraft:stone_axe":5,"minecraft:diamond_sword":132,"minecraft:fishing_rod":16,"minecraft:fire_charge":5,"minecraft:cobblestone":105,"minecraft:potion":105,"minecraft:cooked_porkchop":5,"minecraft:grindstone":17,"minecraft:bucket":6,"minecraft:air":2},"minecraft:broken":{"minecraft:stone_pickaxe":1,"minecraft:iron_pickaxe":1},"minecraft:picked_up":{"ars_nouveau:red_archwood_log":66,"minecraft:fishing_rod":1,"born_in_chaos_v1:diamond_termite_shard":9,"minecraft:crafting_table":5,"minecraft:wheat":3,"minecraft:anvil":1,"minecraft:suspicious_stew":1,"minecraft:potion":1,"minecraft:shield":1,"ars_nouveau:archwood_planks":168,"minecraft:string":6,"minecraft:iron_axe":1,"minecraft:pufferfish":1,"minecraft:cobbled_deepslate":52,"biomesoplenty:fir_planks":1,"minecraft:beef":4,"minecraft:rose_bush":1,"minecraft:poppy":2,"werewolves:pelt":1,"delightful:green_tea_leaf":1,"ars_elemental:flashpine_pod":1,"minecraft:furnace":5,"minecraft:stick":29,"minecraft:raw_iron":7,"farmersdelight:minced_beef":6,"minecraft:torch":36,"werewolves:liver":13,"minecraft:porkchop":3,"minecraft:stone_button":2,"born_in_chaos_v1:nightmare_claw":1,"minecraft:diorite":16,"born_in_chaos_v1:pieceofdarkmetal":1,"minecraft:tnt":1,"minecraft:rotten_flesh":10,"minecraft:hay_block":2,"alexsdelight:raw_bison":5,"ars_nouveau:sourceberry_bush":31,"minecraft:cod":5,"minecraft:rail":13,"minecraft:cobblestone":307,"born_in_chaos_v1:corpse_maggot":7,"minecraft:black_bed":1,"minecraft:iron_door":1,"minecraft:salmon":11,"paraglider:spirit_orb":2,"minecraft:leather":8,"alexsmobs:bison_fur":2,"minecraft:filled_map":1,"minecraft:smoker":6,"biomesoplenty:fir_sapling":18,"doggytalents:rice_grains":2,"biomesoplenty:fir_log":111,"minecraft:gunpowder":1,"minecraft:oak_log":7,"evilcraft:flesh_humanoid":1,"minecraft:dirt":5,"minecraft:lantern":1,"untamedwilds:food_turtle_raw":1,"born_in_chaos_v1:monster_skin":7,"minecraft:chipped_anvil":4,"minecraft:bone":13,"vampirism:human_heart":16,"minecraft:flowering_azalea":1,"minecraft:stone_bricks":2,"untamedwilds:material_fat":12,"minecraft:wheat_seeds":8,"minecraft:mossy_stone_bricks":1,"minecraft:raw_gold":15,"vampirism:item_garlic":1,"minecraft:iron_ingot":4,"minecraft:grindstone":17,"minecraft:oak_planks":5,"fishofthieves:earthworms":1,"minecraft:glass_bottle":1,"minecraft:bamboo":7,"minecraft:iron_sword":2,"born_in_chaos_v1:ethereal_spirit":1,"vampirism:ring":1,"minecraft:gravel":6,"minecraft:sand":3,"dungeonsweaponry:trickbow":1,"minecraft:spruce_sapling":5,"alexsmobs:lava_bottle":2,"minecraft:spruce_log":2,"minecraft:mossy_cobblestone":1,"fishofthieves:fish_bone":1,"fishofthieves:splashtail":8,"minecraft:diamond":5,"born_in_chaos_v1:fire_dust":1,"minecraft:bone_meal":2,"fishofthieves:leeches":1,"minecraft:emerald":56,"fishofthieves:plentifin":1,"minecraft:terracotta":2,"born_in_chaos_v1:rotten_fish":4,"minecraft:bricks":1,"minecraft:coal":40},"minecraft:mined":{"minecraft:mossy_cobblestone":1,"minecraft:deepslate_diamond_ore":3,"minecraft:brewing_stand":1,"deep_dark_regrowth:sculk_sprouts":1,"minecraft:grass_block":3,"deep_dark_regrowth:sculk_tendril":1,"ars_nouveau:sourceberry_bush":11,"minecraft:spawner":1,"minecraft:hay_block":2,"minecraft:tall_seagrass":1,"minecraft:furnace":5,"minecraft:cobbled_deepslate":4,"minecraft:fire":1,"minecraft:iron_ore":3,"minecraft:anvil":1,"minecraft:deepslate_iron_ore":4,"minecraft:vine":2,"ars_nouveau:red_archwood_log":66,"minecraft:lantern":1,"minecraft:stripped_oak_log":1,"minecraft:stone":259,"minecraft:flowering_azalea":1,"minecraft:smoker":6,"born_in_chaos_v1:infected_deepslate_diamond_ore":4,"minecraft:crafting_table":5,"minecraft:torch":5,"minecraft:emerald_ore":56,"biomesoplenty:fir_planks":1,"minecraft:rose_bush":1,"minecraft:deepslate_gold_ore":15,"minecraft:cobblestone":60,"minecraft:oak_planks":4,"minecraft:sculk":11,"minecraft:iron_door":1,"minecraft:grindstone":17,"fishofthieves:fish_bone":1,"ars_nouveau:red_archwood_leaves":1,"minecraft:wall_torch":3,"minecraft:diorite":21,"minecraft:seagrass":2,"evilcraft:dark_ore_deepslate":1,"minecraft:spruce_log":6,"minecraft:black_bed":1,"minecraft:tnt":1,"biomesoplenty:fir_log":74,"minecraft:grass":2,"minecraft:coal_ore":41,"minecraft:dirt":2,"minecraft:sand":3,"minecraft:gravel":7,"minecraft:cobweb":6,"minecraft:terracotta":2,"minecraft:mossy_stone_bricks":1,"minecraft:stone_bricks":2,"minecraft:chipped_anvil":4,"minecraft:deepslate":55,"minecraft:fern":1,"minecraft:suspicious_gravel":1},"minecraft:custom":{"minecraft:interact_with_anvil":12,"minecraft:mob_kills":105,"minecraft:interact_with_crafting_table":37,"minecraft:open_barrel":49,"goblintraders:trade_with_goblin":4,"minecraft:damage_dealt_resisted":2270,"minecraft:leave_game":20,"minecraft:time_since_death":22049,"minecraft:climb_one_cm":13840,"minecraft:damage_resisted":20,"minecraft:sprint_one_cm":333891,"vampirism:interact_with_totem":2,"minecraft:walk_one_cm":498289,"minecraft:damage_blocked_by_shield":1200,"minecraft:drop":127,"vampirism:skills_unlocked":8,"minecraft:talked_to_villager":52,"minecraft:play_time":267044,"minecraft:deaths":8,"minecraft:sneak_time":20763,"minecraft:walk_under_water_one_cm":98856,"minecraft:jump":2829,"minecraft:walk_on_water_one_cm":91491,"minecraft:total_world_time":267044,"minecraft:interact_with_furnace":66,"minecraft:traded_with_villager":16,"minecraft:interact_with_grindstone":1,"minecraft:sleep_in_bed":7,"minecraft:time_since_rest":22074,"minecraft:damage_taken":6163,"minecraft:damage_dealt":21896,"minecraft:swim_one_cm":151296,"minecraft:fly_one_cm":572088,"minecraft:open_chest":28,"minecraft:crouch_one_cm":40530,"minecraft:fish_caught":12,"minecraft:interact_with_smoker":11,"minecraft:fall_one_cm":44737},"minecraft:killed_by":{"rootoffear:wilted":1},"minecraft:crafted":{"minecraft:oak_planks":9,"minecraft:rabbit_stew":10,"ars_nouveau:archwood_planks":207,"werewolves:stone_altar_fire_bowl":4,"minecraft:cooked_chicken":24,"minecraft:furnace":5,"minecraft:stone":52,"minecraft:glass":3,"minecraft:diamond":1,"alexsdelight:cooked_bison":5,"minecraft:stone_pickaxe":3,"minecraft:stone_bricks":52,"minecraft:cooked_beef":11,"minecraft:glass_bottle":3,"minecraft:cooked_cod":4,"fishofthieves:cooked_splashtail":4,"minecraft:diamond_sword":1,"minecraft:cooked_porkchop":18,"minecraft:crafting_table":10,"minecraft:spruce_planks":2,"minecraft:wooden_pickaxe":1,"werewolves:stone_altar":1,"minecraft:iron_sword":3,"minecraft:cooked_salmon":6,"minecraft:bucket":1,"minecraft:stone_axe":1,"minecraft:bread":2,"minecraft:air":646,"biomesoplenty:fir_planks":111,"minecraft:diamond_pickaxe":1,"minecraft:shield":3,"minecraft:stick":2,"minecraft:iron_ingot":7,"minecraft:iron_pickaxe":2,"minecraft:wooden_axe":1,"minecraft:stone_sword":2,"minecraft:gold_ingot":28,"minecraft:torch":12},"minecraft:dropped":{"vampirism:item_garlic":1,"minecraft:iron_ingot":2,"minecraft:iron_sword":2,"minecraft:wheat_seeds":8,"vampirism:human_heart":7,"untamedwilds:material_fat":2,"minecraft:glass_bottle":4,"untamedwilds:food_turtle_raw":1,"minecraft:cooked_porkchop":1,"minecraft:cobblestone":85,"minecraft:rail":6,"alexsmobs:bison_fur":2,"biomesoplenty:fir_sapling":18,"dungeonsweaponry:trickbow":1,"minecraft:pufferfish":1,"ars_nouveau:worn_notebook":1,"minecraft:diorite":3,"minecraft:stone_button":1,"minecraft:torch":4,"minecraft:wooden_axe":1,"minecraft:rose_bush":1,"minecraft:cooked_cod":4,"minecraft:gold_nugget":1,"minecraft:bone_meal":2,"minecraft:flowering_azalea":1,"vampirism:ring":1,"minecraft:fishing_rod":2,"minecraft:spruce_sapling":5,"minecraft:gravel":2,"minecraft:stone_axe":1,"minecraft:cobbled_deepslate":24,"alexsmobs:animal_dictionary":1,"minecraft:iron_nugget":8,"minecraft:cooked_chicken":9,"minecraft:stone_sword":2,"minecraft:bowl":6,"ars_nouveau:archwood_planks":216,"minecraft:wheat":3,"born_in_chaos_v1:rotten_fish":4,"fishofthieves:leeches":1,"minecraft:oak_planks":24,"fishofthieves:fish_bone":1,"fishofthieves:cooked_splashtail":4,"evilcraft:flesh_humanoid":1,"patchouli:guide_book":1,"minecraft:suspicious_stew":1,"ars_nouveau:sourceberry_bush":28,"minecraft:filled_map":1,"minecraft:poppy":2,"minecraft:shield":2,"minecraft:gunpowder":1,"fishofthieves:earthworms":1,"born_in_chaos_v1:corpse_maggot":4,"doggytalents:rice_grains":2,"minecraft:bamboo":7,"minecraft:stone_pickaxe":1,"minecraft:wooden_pickaxe":1,"alexsmobs:lava_bottle":1,"minecraft:terracotta":1}},"DataVersion":3465}