{"stats":{"minecraft:dropped":{"minecraft:moss_block":1,"minecraft:porkchop":6,"minecraft:oak_log":6,"untamedwilds:material_fat":12,"minecraft:glass_bottle":5,"minecraft:dark_oak_sapling":16,"minecraft:cooked_porkchop":2,"biomesoplenty:black_sand":1,"travelersbackpack:standard":1,"minecraft:rail":11,"farmersdelight:rice":10,"minecraft:emerald":1,"born_in_chaos_v1:monster_flesh":3,"minecraft:dirt":1,"minecraft:dispenser":1,"minecraft:jungle_sapling":1,"alexsmobs:emu_feather":6,"minecraft:amethyst_shard":4,"minecraft:sand":13,"minecraft:sugar":2,"alexsmobs:raccoon_tail":1,"fishofthieves:grubs":4,"minecraft:bone":21,"alexsmobs:centipede_leg":2,"minecraft:stone_axe":2,"minecraft:gravel":2,"ars_nouveau:wilden_spike":2,"minecraft:cobbled_deepslate":24,"vampirism:holy_water_bottle_enhanced":2,"minecraft:rotten_flesh":20,"minecraft:oak_planks":19,"vampirism:blood_bottle":1,"evilcraft:poison_sac":1,"evilcraft:flesh_humanoid":5,"minecraft:salmon":2,"minecraft:carrot":162,"ars_nouveau:sourceberry_bush":2,"minecraft:leather_chestplate":1,"vampirism:vampire_blood_bottle":1,"minecraft:skeleton_skull":1,"minecraft:beetroot_seeds":27,"minecraft:melon_seeds":3,"born_in_chaos_v1:corpse_maggot":24,"minecraft:music_disc_mall":1,"doggytalents:rice_grains":3,"minecraft:beef":9,"minecraft:quartz":5,"minecraft:stone_brick_stairs":8,"minecraft:bread":12,"minecraft:iron_ingot":12,"minecraft:enchanted_book":1,"minecraft:wheat_seeds":73,"minecraft:mossy_cobblestone":4,"minecraft:poisonous_potato":1,"minecraft:feather":1,"born_in_chaos_v1:holiday_candy":21,"minecraft:cobblestone":74,"minecraft:iron_helmet":1,"minecraft:apple":18,"delightful:green_tea_leaf":2,"evilcraft:dark_gem":1,"minecraft:activator_rail":3,"minecraft:polished_andesite":2,"born_in_chaos_v1:gnawed_bones":1,"minecraft:diorite":5,"farmersdelight:cooking_pot":1,"minecraft:potion":2,"minecraft:iron_leggings":1,"delightful:acorn":3,"minecraft:polished_andesite_stairs":7,"minecraft:paper":1,"minecraft:tripwire_hook":2,"minecraft:spruce_sapling":8,"minecraft:dandelion":1,"minecraft:moss_carpet":1,"born_in_chaos_v1:rotten_fish":3,"minecraft:pumpkin_seeds":7,"minecraft:suspicious_stew":4,"minecraft:diamond_sword":1,"minecraft:filled_map":1,"minecraft:potato":82,"minecraft:stone":2,"minecraft:spruce_planks":1,"minecraft:mossy_stone_bricks":2,"minecraft:iron_chestplate":1,"minecraft:oak_sapling":9,"minecraft:stone_pressure_plate":3,"minecraft:stone_bricks":5,"minecraft:spider_eye":1,"minecraft:sandstone":5,"minecraft:raw_gold":10,"ars_nouveau:split_arrow":16,"minecraft:black_wool":2},"minecraft:broken":{"minecraft:iron_boots":1,"minecraft:stone_axe":1,"minecraft:iron_sword":1,"minecraft:iron_pickaxe":3,"minecraft:turtle_helmet":1},"minecraft:mined":{"minecraft:stone_pressure_plate":3,"minecraft:spruce_planks":6,"minecraft:white_bed":2,"minecraft:cave_vines_plant":5,"minecraft:grass_block":7,"vampirism:weapon_table":2,"minecraft:spawner":1,"minecraft:raw_iron_block":1,"minecraft:iron_ore":99,"minecraft:fire":1,"vampirism:tent":1,"minecraft:azure_bluet":1,"minecraft:skeleton_wall_skull":1,"minecraft:cave_vines":3,"minecraft:pink_tulip":1,"minecraft:azalea_leaves":3,"minecraft:azalea":2,"minecraft:tripwire":31,"minecraft:deepslate_redstone_ore":3,"minecraft:brown_mushroom":1,"minecraft:red_bed":1,"minecraft:torch":16,"minecraft:blast_furnace":1,"minecraft:polished_andesite_stairs":8,"minecraft:chest":1,"minecraft:cobblestone":110,"minecraft:oak_planks":2,"minecraft:sugar_cane":2,"minecraft:wall_torch":6,"realmrpg_skeletons:webbed_skeleton":2,"evilcraft:dark_ore_deepslate":5,"minecraft:wheat":101,"realmrpg_skeletons:acrobat_skeleton":1,"minecraft:stone_brick_stairs":16,"minecraft:grass":10,"minecraft:oak_log":59,"minecraft:beetroots":10,"minecraft:sand":87,"minecraft:dirt":3,"minecraft:tripwire_hook":2,"born_in_chaos_v1:infernal_evil_pumpkin_s":1,"minecraft:dispenser":1,"minecraft:oak_leaves":9,"minecraft:deepslate":59,"vampirism:dark_stone_bricks":1,"minecraft:diamond_ore":27,"minecraft:tuff":13,"minecraft:mossy_cobblestone":3,"minecraft:deepslate_diamond_ore":3,"vampirism:altar_inspiration":1,"farmersdelight:wild_carrots":11,"minecraft:dark_oak_log":36,"born_in_chaos_v1:infected_diamond_ore":3,"vampirism:altar_pillar":16,"biomesoplenty:bush":1,"minecraft:chiseled_bookshelf":1,"minecraft:allium":1,"minecraft:decorated_pot":4,"minecraft:spruce_leaves":20,"minecraft:moss_block":12,"minecraft:red_mushroom":1,"minecraft:sandstone":17,"minecraft:hay_block":2,"minecraft:redstone_ore":3,"minecraft:furnace":2,"minecraft:carrots":51,"minecraft:raw_gold_block":1,"minecraft:andesite":8,"evilcraft:dark_ore":7,"minecraft:vine":1,"minecraft:potatoes":21,"vampirism:altar_infusion":2,"minecraft:cobblestone_slab":6,"minecraft:stone":338,"minecraft:flowering_azalea":1,"minecraft:red_wool":2,"betterarcheology:growth_totem":2,"minecraft:stone_brick_slab":16,"biomesoplenty:black_sand":2,"minecraft:crafting_table":9,"minecraft:emerald_ore":2,"biomesoplenty:sprout":1,"minecraft:deepslate_gold_ore":11,"minecraft:diorite":10,"farmersdelight:wild_beetroots":2,"betterarcheology:loot_vase_creeper":5,"minecraft:spruce_log":12,"minecraft:birch_leaves":2,"betterarcheology:loot_vase_green":6,"minecraft:coal_ore":60,"vampirism:fire_place":1,"betterarcheology:evoker_trap":1,"minecraft:cobweb":18,"minecraft:cracked_stone_bricks":3,"minecraft:polished_andesite":6,"minecraft:stone_bricks":21,"minecraft:mossy_stone_bricks":8,"minecraft:gold_ore":3,"minecraft:fern":1,"vampirism:altar_tip":6},"minecraft:killed":{"vampirism:vampire":2,"minecraft:cave_spider":6,"born_in_chaos_v1:mr_pumpkin":8,"born_in_chaos_v1:restless_spirit":3,"minecraft:spider":2,"minecraft:skeleton":6,"vampirism:advanced_hunter":3,"alexsmobs:centipede_head":1,"born_in_chaos_v1:diamond_termite":5,"born_in_chaos_v1:wither_scuttler":1,"untamedwilds:boar":3,"vampirism:hunter":13,"minecraft:pillager":1,"born_in_chaos_v1:zombie_fisherman":3,"cataclysm:deepling_brute":1,"minecraft:zombie":13,"born_in_chaos_v1:dread_hound":6,"born_in_chaos_v1:corpse_fly":20,"untamedwilds:bison":4,"born_in_chaos_v1:door_knight":2,"minecraft:cow":1,"minecraft:evoker":1,"minecraft:vex":9,"alexsmobs:raccoon":1,"born_in_chaos_v1:zombie_bruiser":3,"born_in_chaos_v1:maggot":5,"born_in_chaos_v1:pumpkinhead":1,"minecraft:drowned":1,"born_in_chaos_v1:corpse_fish":6,"born_in_chaos_v1:swarmer":1,"born_in_chaos_v1:decrepit_skeleton":5,"alexsmobs:emu":3,"evilcraft:poisonous_libelle":1,"born_in_chaos_v1:dark_vortex":1},"minecraft:used":{"minecraft:moss_block":11,"minecraft:moss_carpet":1,"minecraft:writable_book":4,"vampirism:heart_striker_enhanced":1,"vampirism:altar_infusion":1,"minecraft:decorated_pot":4,"minecraft:chest":6,"minecraft:shield":2,"minecraft:iron_sword":229,"vampirism:blood_container":1,"minecraft:carrot":8,"minecraft:allium":1,"born_in_chaos_v1:soul_cutlass":261,"travelersbackpack:iron":40,"minecraft:tuff":13,"minecraft:azure_bluet":2,"minecraft:obsidian":13,"minecraft:polished_andesite_stairs":5,"minecraft:iron_helmet":1,"born_in_chaos_v1:gnawed_bones":2,"minecraft:stone_brick_stairs":32,"minecraft:stone_bricks":25,"minecraft:furnace":7,"minecraft:oak_sapling":4,"minecraft:beetroot_seeds":1,"minecraft:skeleton_skull":1,"minecraft:diorite":5,"minecraft:mossy_stone_bricks":5,"vampirism:weapon_table":2,"minecraft:stone_pickaxe":38,"minecraft:oak_planks":19,"minecraft:wooden_pickaxe":14,"minecraft:golden_apple":1,"minecraft:sand":2,"minecraft:blast_furnace":1,"minecraft:crossbow":5,"waystones:waystone":3,"minecraft:bread":26,"vampirism:altar_pillar":8,"minecraft:stone_button":1,"minecraft:string":1,"minecraft:diamond_sword":93,"minecraft:andesite":8,"minecraft:oak_boat":1,"minecraft:air":1,"delightful:acorn":1,"minecraft:azalea":3,"minecraft:trident":131,"minecraft:spruce_planks":53,"minecraft:torch":90,"minecraft:stone_brick_slab":96,"minecraft:dark_oak_planks":101,"minecraft:flowering_azalea":1,"minecraft:iron_boots":1,"minecraft:golden_carrot":1,"minecraft:cooked_beef":12,"minecraft:cobbled_deepslate":34,"minecraft:pointed_dripstone":23,"biomesoplenty:black_sand":1,"minecraft:wheat_seeds":175,"minecraft:cooked_mutton":7,"vampirism:fire_place":1,"minecraft:water_bucket":56,"vampirism:altar_inspiration":2,"minecraft:pink_tulip":1,"minecraft:glass_bottle":82,"minecraft:polished_andesite":6,"minecraft:cobblestone_slab":18,"minecraft:cracked_stone_bricks":3,"minecraft:mossy_cobblestone":1,"minecraft:crafting_table":17,"minecraft:white_bed":3,"minecraft:book":8,"minecraft:oak_log":1,"vampirism:hunter_axe_ultimate":2,"minecraft:diamond_pickaxe":148,"minecraft:apple":3,"minecraft:iron_pickaxe":740,"vampirism:altar_tip":2,"minecraft:stone_axe":43,"minecraft:cobblestone":184,"minecraft:potion":82,"travelersbackpack:standard":16,"minecraft:cooked_porkchop":3,"betterarcheology:growth_totem":2,"minecraft:bucket":57,"minecraft:dandelion":1},"minecraft:custom":{"minecraft:interact_with_crafting_table":62,"minecraft:open_barrel":23,"goblintraders:trade_with_goblin":59,"minecraft:leave_game":28,"minecraft:time_since_death":69109,"minecraft:damage_resisted":8,"minecraft:sprint_one_cm":595705,"minecraft:damage_blocked_by_shield":95,"minecraft:drop":216,"minecraft:talked_to_villager":6,"minecraft:play_time":508977,"minecraft:deaths":23,"minecraft:jump":5395,"minecraft:walk_on_water_one_cm":245767,"minecraft:interact_with_furnace":67,"vampirism:altar_of_inspiration_rituals_performed":20,"minecraft:traded_with_villager":4,"minecraft:interact_with_loom":1,"minecraft:sleep_in_bed":4,"minecraft:waystone_activated":3,"minecraft:damage_dealt":35455,"minecraft:player_kills":4,"minecraft:crouch_one_cm":73797,"minecraft:inspect_dispenser":5,"minecraft:horse_one_cm":7725,"minecraft:inspect_dropper":1,"minecraft:mob_kills":188,"minecraft:damage_dealt_resisted":3232,"minecraft:climb_one_cm":7812,"vampirism:amount_bitten":140,"minecraft:walk_one_cm":1029715,"vampirism:skills_unlocked":31,"vampirism:interact_with_altar_inspiration":35,"minecraft:sneak_time":24976,"minecraft:walk_under_water_one_cm":187859,"minecraft:interact_with_lectern":3,"minecraft:interact_with_blast_furnace":4,"minecraft:total_world_time":508977,"vampirism:blood_drunk":63000,"minecraft:tune_noteblock":6,"minecraft:time_since_rest":69141,"minecraft:damage_taken":304410,"minecraft:swim_one_cm":221113,"minecraft:fly_one_cm":1040376,"minecraft:open_chest":144,"minecraft:fall_one_cm":104526},"minecraft:killed_by":{"minecraft:pillager":1,"born_in_chaos_v1:corpse_fly":1,"rootoffear:wilted":1,"minecraft:zombie":2,"mythicmounts:dragon":2,"born_in_chaos_v1:felsteed":1,"minecraft:vex":1,"minecraft:player":1,"born_in_chaos_v1:bonescaller":1,"irons_spellbooks:necromancer":1,"minecraft:skeleton":1,"born_in_chaos_v1:dread_hound":1},"minecraft:crafted":{"minecraft:oak_planks":68,"travelersbackpack:iron":1,"minecraft:cobblestone_slab":6,"minecraft:stone":118,"minecraft:cooked_mutton":7,"minecraft:glass":35,"minecraft:stone_brick_slab":78,"minecraft:diamond_leggings":1,"vampirism:altar_inspiration":2,"minecraft:chest":5,"minecraft:stone_bricks":116,"minecraft:glass_bottle":15,"minecraft:emerald":4,"minecraft:cooked_porkchop":5,"minecraft:crafting_table":8,"minecraft:spruce_planks":12,"minecraft:wooden_pickaxe":1,"vampiresneedumbrellas:gold_umbrella_rod":2,"minecraft:stone_brick_stairs":24,"minecraft:diamond_pickaxe":1,"minecraft:shield":2,"minecraft:stick":4,"minecraft:iron_ingot":139,"minecraft:iron_pickaxe":2,"minecraft:iron_block":4,"minecraft:gold_ingot":89,"minecraft:raw_iron":1,"vampirism:altar_tip":4,"minecraft:furnace":5,"vampiresneedumbrellas:red_gold_umbrella":1,"vampirism:altar_infusion":1,"minecraft:stone_pickaxe":1,"minecraft:dark_oak_planks":27,"minecraft:wheat":2,"minecraft:cooked_beef":9,"minecraft:coal_block":7,"minecraft:sugar":2,"minecraft:diamond_sword":1,"minecraft:bucket":1,"minecraft:red_carpet":3,"minecraft:stone_axe":1,"minecraft:bread":17,"minecraft:air":432,"vampirism:altar_pillar":8,"minecraft:oak_boat":1,"minecraft:raw_gold":1,"vampirism:blood_container":3,"minecraft:white_bed":2,"minecraft:torch":25,"minecraft:diamond_chestplate":1},"minecraft:picked_up":{"minecraft:wheat":102,"minecraft:suspicious_stew":12,"minecraft:diamond_sword":1,"minecraft:enchanted_book":1,"minecraft:potion":1,"minecraft:stone_brick_stairs":24,"born_in_chaos_v1:holiday_candy":21,"minecraft:string":63,"minecraft:beetroot":9,"minecraft:activator_rail":3,"alexsmobs:emu_feather":6,"minecraft:gold_nugget":11,"minecraft:cobbled_deepslate":58,"minecraft:spruce_planks":6,"delightful:acorn":4,"minecraft:cobblestone_slab":12,"minecraft:azalea":3,"alexsmobs:raccoon_tail":1,"delightful:green_tea_leaf":4,"minecraft:furnace":2,"minecraft:stick":26,"minecraft:torch":30,"minecraft:porkchop":2,"vampirism:holy_water_bottle_enhanced":2,"minecraft:pointed_dripstone":23,"minecraft:diorite":10,"alexsmobs:centipede_leg":2,"vampirism:blood_bottle":1,"minecraft:rotten_flesh":32,"minecraft:iron_block":1,"ars_nouveau:sourceberry_bush":2,"minecraft:cobblestone":455,"vampirism:weapon_table":2,"minecraft:leather_chestplate":1,"minecraft:feather":1,"minecraft:cooked_beef":3,"farmersdelight:rice":10,"minecraft:andesite":8,"cataclysm:coral_bardiche":1,"minecraft:potato":86,"paraglider:spirit_orb":2,"minecraft:tuff":13,"evilcraft:flesh_humanoid":6,"minecraft:lapis_lazuli":4,"minecraft:dirt":3,"minecraft:name_tag":2,"born_in_chaos_v1:monster_skin":4,"minecraft:bone":34,"minecraft:wheat_seeds":273,"vampirism:altar_pillar":16,"minecraft:raw_gold":34,"vampirism:item_garlic":1,"minecraft:mossy_stone_bricks":9,"minecraft:moss_block":12,"minecraft:oak_planks":19,"vampirism:ring":2,"betterarcheology:artifact_shards":2,"minecraft:poisonous_potato":1,"minecraft:sand":84,"minecraft:dark_oak_log":27,"minecraft:mossy_cobblestone":7,"minecraft:polished_andesite":8,"minecraft:dispenser":1,"minecraft:diamond":32,"waystones:waystone":4,"minecraft:crossbow":1,"minecraft:golden_apple":1,"minecraft:emerald":8,"minecraft:oak_sapling":13,"born_in_chaos_v1:rotten_fish":3,"born_in_chaos_v1:diamond_termite_shard":5,"minecraft:crafting_table":9,"minecraft:allium":1,"minecraft:azure_bluet":2,"minecraft:brown_mushroom":1,"minecraft:turtle_helmet":1,"minecraft:gold_block":1,"vampirism:heart_striker_enhanced":1,"minecraft:moss_carpet":2,"evilcraft:poison_sac":1,"minecraft:cracked_stone_bricks":3,"biomesoplenty:black_sand":2,"minecraft:beef":4,"born_in_chaos_v1:gnawed_bones":3,"minecraft:jungle_sapling":1,"minecraft:sugar_cane":2,"minecraft:chest":1,"minecraft:dark_oak_sapling":16,"minecraft:raw_iron":99,"minecraft:sandstone":5,"minecraft:raw_gold_block":1,"alexsmobs:cockroach_ootheca":1,"evilcraft:origins_of_darkness":1,"minecraft:stone_button":1,"minecraft:trident":1,"born_in_chaos_v1:pieceofdarkmetal":3,"minecraft:carrot":209,"minecraft:redstone":42,"minecraft:stone_pressure_plate":6,"minecraft:arrow":4,"minecraft:beetroot_seeds":32,"minecraft:decorated_pot":4,"vampirism:altar_inspiration":1,"minecraft:hay_block":2,"minecraft:pink_tulip":1,"minecraft:glow_berries":4,"minecraft:skeleton_skull":2,"minecraft:rail":11,"born_in_chaos_v1:corpse_maggot":26,"vampirism:vampire_blood_bottle":1,"born_in_chaos_v1:monster_flesh":3,"born_in_chaos_v1:pumpkin_staff":1,"minecraft:tripwire_hook":3,"minecraft:salmon":2,"minecraft:leather":27,"minecraft:red_mushroom":1,"minecraft:filled_map":1,"doggytalents:rice_grains":4,"fishofthieves:grubs":4,"minecraft:oak_log":60,"vampirism:armor_of_swiftness_legs_ultimate":1,"minecraft:paper":1,"minecraft:white_banner":1,"minecraft:coast_armor_trim_smithing_template":2,"vampirism:human_heart":3,"born_in_chaos_v1:soul_cutlass":1,"minecraft:apple":6,"minecraft:stone_bricks":32,"farmersdelight:cooking_pot":1,"untamedwilds:material_fat":12,"minecraft:iron_ingot":2,"minecraft:glass_bottle":1,"minecraft:flowering_azalea":1,"minecraft:polished_andesite_stairs":12,"vampirism:fire_place":1,"minecraft:stone_brick_slab":18,"born_in_chaos_v1:ethereal_spirit":1,"minecraft:red_wool":2,"minecraft:quartz":10,"minecraft:dandelion":2,"minecraft:raw_iron_block":1,"minecraft:gravel":2,"minecraft:amethyst_shard":6,"minecraft:spruce_sapling":8,"minecraft:blast_furnace":1,"minecraft:white_bed":2,"minecraft:spruce_log":12,"vampirism:altar_infusion":2,"minecraft:spider_eye":1,"ars_nouveau:wilden_spike":2,"travelersbackpack:standard":2,"minecraft:music_disc_mall":1,"minecraft:pumpkin_seeds":19,"vampirism:blood_container":1,"minecraft:slime_ball":2,"minecraft:stone_axe":2,"vampirism:altar_tip":6,"betterarcheology:growth_totem":2,"evilcraft:dark_gem":55,"minecraft:melon_seeds":8,"minecraft:coal":65}},"DataVersion":3465}